CNPJ_CIA;DT_REFER;VERSAO;DENOM_CIA;QT_ACAO_ORDIN_CAP_INTEGR;QT_ACAO_PREF_CAP_INTEGR;QT_ACAO_TOTAL_CAP_INTEGR;QT_ACAO_ORDIN_TESOURO;QT_ACAO_PREF_TESOURO;QT_ACAO_TOTAL_TESOURO
00.000.000/0001-91;2022-12-31;1;BCO BRASIL S.A.;2865417020;0;2865417020;11780761;0;11780761
00.000.208/0001-00;2022-12-31;3;BRB BANCO DE BRASILIA S.A.;280146;82900;363046;0;0;0
00.001.180/0001-26;2022-12-31;1;CENTRAIS ELET BRAS S.A. - ELETROBRAS;2021139;280088;2301228;0;0;0
00.070.698/0001-11;2022-12-31;1;COMPANHIA ENERGÉTICA DE BRASÍLIA - CEB;35920890;36161025;72081915;0;0;0
00.080.671/0001-00;2022-12-31;1;CARAMURU ALIMENTOS S.A.;24444000;0;24444000;0;0;0
00.192.769/0001-59;2022-12-31;1;NEUMARKT TRADE AND FINANCIAL CENTER S/A;10000;0;10000;0;0;0
00.194.724/0001-13;2022-12-31;1;AUREN OPERAÇÕES S.A.;2014441535;0;2014441535;0;0;0
00.242.184/0001-04;2022-12-31;2;ARMAC LOCAÇÃO, LOGÍSTICA E SERVIÇOS S.A.;346016041;0;346016041;686800;0;686800
00.272.185/0001-93;2022-12-31;1;CIMS S.A.;20329170;40658180;60987350;0;0;0
00.336.701/0001-04;2022-12-31;1;TELEC BRASILEIRAS S.A. TELEBRAS;67975599;18407491;86383090;193;0;193
00.359.742/0001-08;2022-12-31;1;FICTOR ALIMENTOS S.A.;23805;0;23805;0;0;0
00.383.281/0001-09;2022-12-31;1;BNDES PARTICIPACOES S.A. - BNDESPAR;1000000;0;1000000;0;0;0
00.389.481/0001-79;2022-12-31;1;LM TRANSPORTES INTERESTADUAIS SERVIÇOS E COMÉRCIO S.A.;211816;0;211816;0;0;0
00.416.968/0001-01;2022-03-31;1;BANCO INTER S.A.;1293373691;1285229952;2578603643;0;0;0
00.545.378/0001-70;2022-12-31;1;SERRA AZUL WATER PARK SA;29188116;0;29188116;0;0;0
00.622.416/0001-41;2022-12-31;1;STATKRAFT ENERGIAS RENOVAVEIS S.A.;454331401;0;454331401;0;0;0
00.644.907/0001-93;2022-12-31;1;INVESTCO S.A.;402202;384204;786406;0;0;0
00.743.065/0001-27;2022-12-31;1;LITEL PARTICIPACOES S.A.;215495;0;215495;0;0;0
00.776.574/0001-56;2022-12-31;1;AMERICANAS S.A. - EM RECUPERAÇÃO JUDICIAL;902529503;0;902529503;7416;0;7416
00.864.214/0001-06;2022-12-31;2;ENERGISA S.A.;800898864;1238187676;2039086540;754475;3017900;3772375
00.897.864/0001-58;2022-12-31;1;SANTA CATARINA PART INVEST SA;200;0;200;0;0;0
00.924.429/0001-75;2022-12-31;2;FERROVIA CENTRO-ATLANTICA S.A.;142807784;19;142807803;0;0;0
00.938.574/0001-05;2022-12-31;1;CONC RIO-TERESOPOLIS S.A.;48786;37680;86466;0;0;0
00.974.211/0001-25;2022-12-31;1;LINHA AMARELA S.A. - LAMSA;70666879;141333771;212000650;0;0;0
00.979.969/0001-56;2022-12-31;1;CAIXA ADM DIV PUB ESTADUAL SA;61150262;0;61150262;0;0;0
01.027.058/0001-91;2022-12-31;1;CIELO S.A. -  INSTITUIÇÃO DE PAGAMENTO;2716815061;0;2716815061;22450441;0;22450441
01.083.200/0001-18;2022-12-31;2;NEOENERGIA S.A.;1213796848;0;1213796848;400;0;400
01.104.937/0001-70;2022-12-31;2;ELETROBRÁS PARTICIPAÇÕES S.A. - ELETROPAR;11764889;0;11764889;0;0;0
01.107.327/0001-20;2022-12-31;1;BBM LOGÍSTICA S.A.;40760818;0;40760818;0;0;0
01.258.944/0001-26;2022-12-31;1;RUMO MALHA SUL S.A.;45035110304475;68516168445415;113551278749890;0;0;0
01.319.044/0001-41;2022-12-31;1;WTC AMAZONAS SUITE HOTEL S.A.;100;0;100;0;0;0
01.417.222/0001-77;2022-12-31;2;MRS LOGISTICA S.A.;188333;151667;340000;0;0;0
01.543.032/0001-04;2022-12-31;1;EQUATORIAL GOIÁS DISTRIBUIDORA DE ENERGIA S.A.;283067254;0;283067254;0;0;0
01.545.826/0001-07;2022-12-31;2;GAFISA S.A.;51139;0;51139;33;0;33
01.548.981/0001-79;2022-12-31;2;INVESTIMENTOS BEMGE S.A.;792;1572;2364;0;0;0
01.599.101/0001-93;2022-12-31;1;SEQUOIA LOGÍSTICA E TRANSPORTES S.A.;140287686;0;140287686;0;0;0
01.616.929/0001-02;2022-12-31;1;SANEAMENTO DE GOIAS SA;1866906374;648639993;2515546367;0;0;0
01.637.895/0001-32;2022-12-31;1;VOTORANTIM CIMENTOS S.A.;9225042782;300571428;9525614210;0;0;0
01.838.723/0001-27;2022-12-31;1;BRF S.A.;1082473246;0;1082473246;4356397;0;4356397
01.851.771/0001-55;2022-12-31;1;524 PARTICIPACOES S.A.;1377041061;0;1377041061;0;0;0
01.896.779/0001-38;2022-12-31;2;CSU DIGITAL S.A.;41800;0;41800;571;0;571
01.917.818/0001-36;2022-12-31;1;LIGHT ENERGIA S.A.;77421581;0;77421581;0;0;0
01.938.783/0001-11;2022-12-31;1;CIA PARTICIPACOES ALIANCA DA BAHIA;6425139;6425139;12850278;0;0;0
01.957.772/0001-89;2022-12-31;1;SUL 116 PARTICIPACOES S.A.;83597;0;83597;0;0;0
01.968.293/0001-68;2022-12-31;1;ELETRORIVER S.A.;61659882;0;61659882;0;0;0
01.989.044/0001-59;2022-12-31;1;WTC RIO EMPREEND. E PARTICIPAÇÕES S.A.;1000;0;1000;0;0;0
02.016.440/0001-62;2022-12-31;1;RGE SUL DISTRIBUIDORA DE ENERGIA S.A.;1125427;0;1125427;0;0;0
02.031.413/0001-69;2022-12-31;1;PETRO RIO JAGUAR PETRÓLEO S.A.;497216581900;0;497216581900;0;0;0
02.041.460/0001-93;2022-12-31;1;V. TAL - REDE NEUTRA DE TELECOMUNICAÇÕES S.A.;16380772850;0;16380772850;0;0;0
02.062.747/0001-08;2022-12-31;1;SUDESTE S.A.;2967087415;0;2967087415;0;0;0
02.149.205/0001-69;2022-12-31;1;PORTO SEGURO S.A.;646586;0;646586;8563;0;8563
02.162.616/0001-94;2022-12-31;1;UPTICK PARTICIPACOES S.A. - EM LIQUIDAÇÃO;52437;0;52437;0;0;0
02.193.750/0001-52;2022-12-31;1;DEXXOS PARTICIPAÇÕES S.A.;88241730;5771805;94013535;0;365381;365381
02.201.787/0001-85;2022-12-31;1;CEL PARTICIPAÇÕES S.A. - CELPAR;2609000;0;2609000;0;0;0
02.217.319/0001-07;2022-12-31;1;YBYRÁ CAPITAL S.A.;116574000;553320;117127320;0;0;0
02.255.187/0001-08;2022-12-31;1;UNIFIQUE TELECOMUNICAÇÕES S.A.;362049609;0;362049609;9000000;0;9000000
02.258.422/0001-97;2022-12-31;1;INEPAR EQUIPAMENTOS E MONTAGENS S/A - EM RECUPERACAO JUDICIA;246385;66035;312420;0;0;0
02.281.836/0001-37;2022-12-31;1;TRANSNORDESTINA LOGISTICA SA;28313622;27649471;55963093;0;0;0
02.286.479/0001-08;2022-12-31;1;LOCALIZA FLEET S.A.;120493746;0;120493746;0;0;0
02.291.077/0001-93;2022-12-31;1;PRODUTORES ENERGET.DE MANSO S.A.- PROMAN;100;0;100;0;0;0
02.302.100/0001-06;2022-12-31;1;EDP SÃO PAULO DISTRIBUIÇÃO DE ENERGIA S.A.;39091735;0;39091735;0;0;0
02.302.101/0001-42;2022-12-31;1;EMAE - EMPRESA METROP.AGUAS ENERGIA S.A.;14705;22242;36947;0;0;0
02.328.280/0001-97;2022-12-31;1;ELEKTRO REDES S.A.;91881;101878;193759;0;0;0
02.338.534/0001-58;2022-12-31;1;LONGDIS S.A.;4849892;0;4849892;0;0;0
02.351.144/0001-18;2022-12-31;3;TEGMA GESTAO LOGISTICA S.A.;66002915;0;66002915;65143;0;65143
02.351.877/0001-52;2022-12-31;1;LWSA S/A;592510448;0;592510448;3048472;0;3048472
02.357.251/0001-53;2022-12-31;1;LIFEMED INDUSTRIAL DE EQUIP. E ART. MEDICOS E HOSP. S.A;2576438;0;2576438;0;0;0
02.365.069/0001-44;2022-12-31;1;PADTEC HOLDING S.A.;78450;0;78450;0;0;0
02.382.073/0001-10;2022-12-31;1;PROLAGOS S/A - CONC.DE SERVICOS PÚBLICOS DE ÁGUA E ESGOTO;342985642;0;342985642;0;0;0
02.387.241/0001-60;2022-12-31;1;RUMO S.A.;1854158791;0;1854158791;1780457;0;1780457
02.397.080/0001-96;2022-12-31;1;ITAPEBI GERACAO DE ENERGIA S.A.;202525;0;202525;0;0;0
02.415.408/0001-50;2022-12-31;2;CONC ROD.OESTE SP VIAOESTE S.A;6988146121;6988146121;13976292242;0;0;0
02.421.421/0001-11;2022-12-31;1;TIM S.A.;2420804398;12247;2420816645;0;0;0
02.429.144/0001-93;2022-12-31;1;CPFL ENERGIA S.A.;1152254440;0;1152254440;0;0;0
02.451.848/0001-62;2022-12-31;2;CONC SIST ANHANG-BANDEIRANT S.A. AUTOBAN;175000000;0;175000000;0;0;0
02.474.103/0001-19;2022-12-31;2;ENGIE BRASIL ENERGIA S.A.;815927740;0;815927740;0;0;0
02.502.844/0001-66;2022-12-31;1;RUMO MALHA PAULISTA S.A.;1766438661417;3266355797112;5032794458529;0;0;0
02.509.186/0001-34;2022-12-31;1;TRIÂNGULO DO SOL AUTO-ESTRADAS S.A.;610;0;610;0;0;0
02.509.491/0001-26;2022-12-31;1;CONC ECOVIAS IMIGRANTES S.A.;262452;0;262452;0;0;0
02.558.157/0001-62;2022-12-31;2;TELEFÔNICA BRASIL S.A;1676938271;0;1676938271;13381540;0;13381540
02.560.878/0001-07;2022-12-31;1;HOSPITAL ANCHIETA S.A.;62783;0;62783;0;0;0
02.591.787/0001-39;2022-12-31;1;CAPITALPART PARTICIPACOES S.A.;143243;0;143243;0;0;0
02.600.854/0001-34;2022-12-31;1;TIM BRASIL SERVIÇOS E PARTICIPAÇÕES S.A.;15865086849;0;15865086849;0;0;0
02.635.522/0001-95;2022-03-31;3;JALLES MACHADO S.A.;294697091;0;294697091;0;0;0
02.664.042/0001-52;2022-12-31;2;TERMINAL GARAGEM MENEZES CORTES S.A.;526306;0;526306;0;0;0
02.682.287/0001-02;2022-12-31;1;PAN FINANCEIRA S.A. - CRÉDITO, FINANCIAMENTO E INVESTIMENTO;11000;0;11000;0;0;0
02.724.983/0001-34;2022-12-31;2;SANESALTO SANEAMENTO S.A.;50341;0;50341;0;0;0
02.736.470/0001-43;2022-12-31;1;CONFIANZA SECURITIZADORA SA;2128;0;2128;0;0;0
02.762.113/0001-50;2022-12-31;1;BRAZILIAN FINANCE E REAL ESTATE S.A.;239;478;717;0;0;0
02.762.121/0001-04;2022-12-31;2;SANTOS BRASIL PARTICIPACOES S.A.;863652;0;863652;48;0;48
02.762.124/0001-30;2022-12-31;1;BETAPART PARTICIPACOES S.A.;2761620;0;2761620;0;0;0
02.773.542/0001-22;2022-12-31;2;OPEA SECURITIZADORA S.A.;8401;0;8401;0;0;0
02.783.423/0001-50;2022-12-31;1;ALTERE SECURITIZADORA S.A.;36218984;0;36218984;0;0;0
02.796.775/0001-40;2022-12-31;1;GAMA PARTICIPACOES S.A.;1935716;0;1935716;0;0;0
02.800.026/0001-40;2022-12-31;2;COGNA EDUCAÇÃO S.A.;1876606210;0;1876606210;1913841;0;1913841
02.846.056/0001-97;2022-12-31;1;CCR S.A.;2020000000;0;2020000000;2000;0;2000
02.860.694/0001-62;2022-12-31;1;T4F ENTRETENIMENTO S.A.;67413;0;67413;0;0;0
02.916.265/0001-60;2022-12-31;1;JBS S.A.;2218116370;0;2218116370;0;0;0
02.919.555/0001-67;2022-12-31;3;ARTERIS S.A.;760339;0;760339;0;0;0
02.932.074/0001-91;2022-12-31;1;HYPERA S.A.;633420823;0;633420823;1523351;0;1523351
02.950.811/0001-89;2022-12-31;2;PDG REALTY S.A. EMPREEND E PARTICIPACOES;322186;0;322186;8102;0;8102
02.992.449/0001-09;2022-12-31;1;PROMPT PARTICIPACOES S.A.;2050836152;0;2050836152;0;0;0
02.998.301/0001-81;2022-12-31;1;RIO PARANAPANEMA ENERGIA S.A.;31478;62955;94433;0;0;0
02.998.611/0001-04;2022-12-31;1;ISA ENERGIA BRASIL;257937732;400945572;658883304;0;0;0
03.014.553/0001-91;2022-12-31;1;TPI - TRIUNFO PARTICIP. E INVEST. S.A.;176000;0;176000;2493;0;2493
03.025.305/0001-46;2022-12-31;2;RODOVIAS DAS COLINAS S.A.;74220;0;74220;0;0;0
03.207.703/0001-83;2022-12-31;1;CONCESSIONARIA DE RODOVIAS DO INTERIOR PAULISTA S/A;4763;0;4763;0;0;0
03.220.438/0001-73;2022-12-31;1;EQUATORIAL S.A.;1128934585;0;1128934585;28870100;0;28870100
03.279.285/0001-30;2022-12-31;2;ORIZON MEIO AMBIENTE S.A.;3510;0;3510;0;0;0
03.303.999/0001-36;2022-12-31;1;DTCOM - DIRECT TO COMPANY S.A.;10680476;450655;11131131;0;0;0
03.342.704/0001-30;2022-12-31;1;PETRORECÔNCAVO S.A.;293056784;0;293056784;282244;0;282244
03.378.521/0001-75;2022-12-31;1;LIGHT S.A. - EM RECUPERAÇÃO JUDICIAL;372555324;0;372555324;0;0;0
03.467.321/0001-99;2022-12-31;1;ENERGISA MATO GROSSO-DISTRIBUIDORA DE ENERGIA S/A;75529774;143412165;218941939;0;0;0
03.494.776/0001-01;2022-12-31;1;AMMO VAREJO S.A.;226742894;0;226742894;0;0;0
03.538.833/0001-07;2022-12-31;1;XX DE NOVEMBRO INVESTIMENTOS E PARTICIPAÇÕES S.A.;451303226;0;451303226;0;0;0
03.758.318/0001-24;2022-12-31;1;INVESTIMENTOS E PARTICIP. EM INFRA S.A. - INVEPAR;143057124;286114248;429171372;0;0;0
03.767.538/0001-14;2022-12-31;1;BRAZILIAN SECURITIES CIA SECURITIZACAO;77864966;0;77864966;0;0;0
03.795.050/0001-09;2022-12-31;1;TERMOPERNAMBUCO S.A.;539570;0;539570;0;0;0
03.802.115/0001-98;2022-12-31;1;CLEAR SALE S.A.;187926060;0;187926060;0;0;0
03.818.379/0001-30;2022-12-31;1;SABER SERVIÇOS EDUCACIONAIS S.A.;487374172;0;487374172;0;0;0
03.820.456/0001-96;2022-12-31;1;BSB ENERGÉTICA S.A.;3028501;0;3028501;0;0;0
03.847.461/0001-92;2022-12-31;1;BRADESPAR S.A.;137990;255107;393097;0;0;0
03.853.896/0001-40;2022-12-31;1;MARFRIG GLOBAL FOODS S.A.;660000000;0;660000000;310192;0;310192
03.953.509/0001-47;2022-12-31;1;CPFL GERACAO DE ENERGIA S.A.;225137769;0;225137769;0;0;0
03.983.431/0001-03;2022-12-31;1;EDP - ENERGIAS DO BRASIL S.A.;581165;0;581165;15186;0;15186
04.030.182/0001-02;2022-12-31;1;CABINDA PARTICIPACOES S.A.;2458000;4916000;7374000;0;0;0
04.031.213/0001-31;2022-12-31;1;CACONDE PARTICIPACOES S.A.;703211;1406542;2109753;0;0;0
04.032.433/0001-80;2022-12-31;3;ATMA PARTICIPAÇÕES S.A. - EM RECUPERAÇÃO JUDICIAL;26710356;0;26710356;2204;0;2204
04.038.763/0001-82;2022-12-31;1;CAIANDA PARTICIPACOES S.A.;776869;1553254;2330123;0;0;0
04.065.053/0001-41;2022-12-31;1;BRZ EMPREENDIMENTOS E CONSTRUÇÕES S.A.;15000000;0;15000000;0;0;0
04.065.791/0001-99;2022-12-31;2;SINQIA S.A.;87941972;0;87941972;3362360;0;3362360
04.069.709/0001-02;2022-12-31;1;BIONEXO S.A.;129519443;42547807;172067250;0;0;0
04.089.570/0001-50;2022-12-31;1;ÁGUAS GUARIROBA S.A;331012034;0;331012034;0;0;0
04.149.454/0001-80;2022-12-31;1;ECORODOVIAS INFRAESTRUTURA E LOGÍSTICA S.A.;696334;0;696334;713;0;713
04.172.213/0001-51;2022-12-31;1;CIA PIRATININGA DE FORCA E LUZ;53096770180;0;53096770180;0;0;53096770
04.212.396/0001-91;2022-12-31;2;VOKE S.A.;27123015;0;27123015;0;0;0
04.233.319/0001-18;2022-12-31;1;NCF PARTICIPAÇÕES S/A;1685707;1502370;3188077;0;0;0
04.368.865/0001-66;2022-12-31;1;LIGGA TELECOMUNICAÇÕES S.A.;736646899;0;736646899;0;0;0
04.368.898/0001-06;2022-12-31;1;COPEL DISTRIBUIÇÃO S.A.;5359205949;0;5359205949;0;0;0
04.370.282/0001-70;2022-12-31;1;COPEL GERAÇÃO E TRANSMISSÃO S.A.;6242757424;0;6242757424;0;0;0
04.423.567/0001-21;2022-12-31;2;ENEVA S.A;1584446;0;1584446;2671;0;2671
04.437.534/0001-30;2022-12-31;2;LOCAMÉRICA RENT-A-CAR S.A.;77550555;0;77550555;0;0;0
04.739.720/0001-24;2022-12-31;1;USINA TERMELÉTRICA PAMPA SUL S.A.;1180792000;0;1180792000;0;0;0
04.752.991/0001-10;2022-12-31;1;BIOMM S.A.;81287824;0;81287824;0;0;0
04.821.041/0001-08;2022-12-31;1;METALFRIO SOLUTIONS S.A.;4106754;0;4106754;0;0;0
04.895.728/0001-80;2022-12-31;1;EQUATORIAL PARÁ DISTRIBUIDORA DE ENERGIA S.A.;2204620569;4453438;2209074007;0;0;0
04.902.979/0001-44;2022-12-31;3;BCO AMAZONIA S.A.;56058315;0;56058315;0;0;0
04.912.242/0001-02;2022-12-31;1;PORTUENSE FERRAGENS S/A;24;5;29;0;0;0
04.913.711/0001-08;2022-12-31;5;BCO ESTADO DO PARA S.A.;9521649;0;9521649;0;0;0
04.972.092/0001-22;2022-12-31;1;GRUPO FARTURA DE HORTIFRUT S.A.;2781220;0;2781220;0;0;0
04.986.320/0001-13;2022-12-31;1;SER EDUCACIONAL S.A.;128721560;0;128721560;386800;0;386800
04.992.714/0001-84;2022-12-31;1;NOVA TRANSPORTADORA DO SUDESTE S.A. - NTS;2312328578;0;2312328578;0;0;0
05.197.443/0001-38;2022-12-31;1;HAPVIDA PARTICIPAÇÕES E INVESTIMENTOS S.A.;7144255743;0;7144255743;46238880;0;46238880
05.303.439/0001-07;2022-12-31;1;UNIGEL PARTICIPAÇÕES S.A.;920962726;0;920962726;0;0;0
05.336.882/0001-84;2022-12-31;1;CACHOEIRA PAULISTA TRANSMISSORA ENERGIA S.A.;20000000;0;20000000;0;0;0
05.347.060/0001-07;2022-12-31;1;INTERPLAYERS SOLUÇÕES INTEGRADAS S.A.;55914;0;55914;0;0;0
05.878.397/0001-32;2022-12-31;2;ALLOS S.A.;265772778;0;265772778;43783;0;43783
05.917.486/0001-40;2022-12-31;1;LIVETECH DA BAHIA INDÚSTRIA E COMÉRCIO S.A.;64663;0;64663;935;0;935
06.016.348/0001-53;2022-12-31;1;VENTOS DO SUL ENERGIA S.A.;140964000;0;140964000;0;0;0
06.047.087/0001-39;2022-12-31;1;REDE D'OR SÃO LUIZ S.A.;2289292590;0;2289292590;36334156;0;36334156
06.057.223/0001-71;2022-12-31;1;SENDAS DISTRIBUIDORA S.A.;1349165;0;1349165;0;0;0
06.164.253/0001-87;2022-12-31;1;GOL LINHAS AEREAS INTELIGENTES S.A.;2863682710;336833571;3200516281;0;1140940;1140940
06.272.793/0001-84;2022-12-31;1;EQUATORIAL MARANHÃO DISTRIBUIDORA DE ENERGIA S.A.;161318939;2864960;164183899;0;0;0
06.347.409/0001-65;2022-12-31;1;SBF COMÉRCIO DE PRODUTOS ESPORTIVOS S.A.;2194630161;0;2194630161;0;0;0
06.626.253/0001-51;2022-12-31;2;EMPREENDIMENTOS PAGUE MENOS S.A.;443781062;0;443781062;3735620;0;3735620
06.977.745/0001-91;2022-12-31;1;BR MALLS PARTICIPACOES S.A.;828274;0;828274;8745;0;8745
06.977.751/0001-49;2022-12-31;1;BR PROPERTIES S.A.;474160;0;474160;9727;0;9727
06.981.176/0001-58;2022-12-31;1;CEMIG GERACAO E TRANSMISSAO S.A.;2896785;0;2896785;0;0;0
06.981.180/0001-16;2022-12-31;1;CEMIG DISTRIBUICAO S.A.;2359113;0;2359113;0;0;0
06.981.381/0001-13;2022-03-31;1;CTC - CENTRO DE TECNOLOGIA CANAVIEIRA S.A.;320748000;0;320748000;0;0;0
07.040.108/0001-57;2022-12-31;1;CAGECE - CIA DE AGUA E ESGOTO DO CEARA;183498962;56877;183555839;0;0;0
07.043.628/0001-13;2022-12-31;1;CLARO TELECOM PARTICIPAÇÕES S.A.;203583506;0;203583506;0;0;0
07.047.251/0001-70;2022-12-31;1;CIA ENERGETICA DO CEARA - COELCE;48067937;29787362;77855299;0;0;0
07.119.838/0001-48;2022-12-31;1;SECME - COMPANHIA SECURITIZADORA DE CRÉDITOS IMOBILIÁRIOS;538406;0;538406;0;0;0
07.206.816/0001-15;2022-12-31;2;M.DIAS BRANCO S.A. IND COM DE ALIMENTOS;339000000;0;339000000;2819146;0;2819146
07.237.373/0001-20;2022-12-31;1;BCO NORDESTE DO BRASIL S.A.;86371;0;86371;0;0;0
07.253.321/0001-47;2022-12-31;1;CARBOMIL SA MINER. E INDUSTRIA;155;66;221;0;0;0
07.275.159/0001-68;2022-12-31;1;PETROLEO LUB DO NORDESTE SA;496;1675;2171;79;0;79
07.282.377/0001-20;2022-12-31;1;ENERGISA SUL-SUDESTE - DISTRIBUIDORA DE ENERGIA S/A;97112;0;97112;0;0;0
07.334.600/0001-35;2022-12-31;1;MARINA DE IRACEMA PARK SA;95244;1317;96561;0;0;0
07.401.436/0001-31;2022-12-31;1;ELDORADO BRASIL CELULOSE S.A.;1525558419;0;1525558419;0;0;0
07.415.333/0001-20;2022-12-31;1;SIMPAR S.A.;838407909;0;838407909;12217698;0;12217698
07.437.016/0001-05;2022-12-31;1;CINESYSTEM S.A.;30969063;0;30969063;0;0;0
07.526.557/0001-00;2022-12-31;1;AMBEV S.A.;15750217;0;15750217;8482;0;8482
07.594.978/0001-78;2022-12-31;2;SMARTFIT ESCOLA DE GINÁSTICA E DANÇA S.A.;586242289;0;586242289;0;0;0
07.628.528/0001-59;2022-06-30;2;BRASILAGRO - CIA BRAS DE PROP AGRICOLAS;102377009;0;102377009;3533499;0;3533499
07.636.657/0001-99;2022-12-31;1;AÇO VERDE DO BRASIL S.A;1031745;206231;1237976;0;0;0
07.659.538/0001-51;2022-12-31;1;DINAMICA ENERGIA S.A.;334424;0;334424;0;0;0
07.689.002/0001-89;2022-12-31;1;EMBRAER S.A.;740465;0;740465;5832;0;5832
07.704.246/0001-93;2022-12-31;1;DATORA PARTICIPAÇÕES E SERVIÇOS S.A.;88033592;0;88033592;0;0;0
07.718.269/0001-57;2022-12-31;2;SPRINGS GLOBAL PARTICIPACOES S.A.;50000;0;50000;0;0;0
07.802.794/0001-56;2022-12-31;1;ESSENTIA PCHS S.A.;217869008;0;217869008;0;0;0
07.816.890/0001-53;2022-12-31;1;MULTIPLAN - EMPREEND IMOBILIARIOS S.A.;565185834;35575041;600760875;15478895;0;15478895
07.820.907/0001-46;2022-12-31;1;FICA EMPREENDIMENTOS IMOBILIÁRIOS S.A.;2422153;0;2422153;0;0;0
07.823.262/0001-03;2022-12-31;1;FOZ DO RIO CLARO ENERGIA S.A.;67717178;40991800;108708978;0;0;0
07.857.093/0001-14;2022-12-31;1;AURA MINERALS INC.;71946975;0;71946975;0;0;0
07.857.850/0001-50;2022-12-31;1;GP INVESTMENTS, LTD.;42975755;34424288;77400043;0;0;0
07.859.510/0001-68;2022-12-31;1;JHSF MALLS S.A.;107879979;0;107879979;0;0;0
07.859.971/0001-30;2022-12-31;1;TRANSMISSORA ALIANÇA DE ENERGIA ELÉTRICA S.A.;590714;442783;1033497;0;0;0
07.882.930/0001-65;2022-12-31;1;MITRE REALTY EMPREENDIMENTOS E PARTICIPAÇÕES S.A.;105774820;0;105774820;0;0;0
07.950.674/0001-04;2022-12-31;1;CCX CARVÃO DA COLÔMBIA S.A. - EM LIQUIDAÇÃO;1701229;0;1701229;0;0;0
07.976.147/0001-60;2022-12-31;1;MOVIDA LOCAÇÃO DE VEÍCULOS S.A.;4187907155;0;4187907155;0;0;0
08.065.557/0001-12;2022-12-31;1;TECNISA S.A.;73619;0;73619;0;0;0
08.070.508/0001-78;2022-03-31;1;RAIZEN ENERGIA S.A.;13120614595;0;13120614595;0;0;0
08.078.847/0001-09;2022-12-31;1;LPS BRASIL - CONSULTORIA DE IMOVEIS S.A.;147555;0;147555;10267;0;10267
08.159.965/0001-33;2022-12-31;5;IGUA SANEAMENTO S.A.;427804422;0;427804422;1448451;0;1448451
08.170.849/0001-15;2022-12-31;2;DESKTOP S.A.;87267;0;87267;0;0;0
08.213.823/0001-07;2022-12-31;1;AURA ALMAS MINERAÇÃO S.A.;137909166;0;137909166;0;0;0
08.262.121/0001-13;2022-12-31;1;ALUBAR METAIS E CABOS S.A.;87114193;0;87114193;0;0;0
08.294.224/0001-65;2022-12-31;2;JHSF PARTICIPACOES S.A.;679328541;0;679328541;2915869;0;2915869
08.312.229/0001-73;2022-12-31;2;EZ TEC EMPREEND. E PARTICIPACOES S.A.;220989103;0;220989103;2863400;0;2863400
08.322.396/0001-03;2022-03-31;1;CERRADINHO BIOENERGIA S.A.;458277128;0;458277128;0;0;0
08.324.196/0001-81;2022-12-31;1;CIA ENERGETICA DO RIO GDE NORTE - COSERN;129746;38328;168074;0;0;0
08.343.492/0001-20;2022-12-31;2;MRV ENGENHARIA E PARTICIPACOES S.A.;483233;0;483233;1;0;1
08.364.948/0001-38;2022-12-31;1;ALUPAR INVESTIMENTO S/A;596955970;282155299;879111269;0;0;0
08.397.078/0001-01;2022-12-31;1;GSH CORP PARTICIPAÇÕES S.A.;229371078;43385771;272756849;0;2017964;2017964
08.402.943/0001-52;2022-12-31;1;GUARARAPES CONFECCOES S.A.;499200000;0;499200000;2560;0;2560
08.424.178/0001-71;2022-12-31;1;TECBLU TECELAGEM BLUMENAU S.A.;180894;1025897;1206791;0;0;0
08.439.659/0001-50;2022-12-31;1;CPFL ENERGIAS RENOVÁVEIS S.A.;593782504;0;593782504;0;0;0
08.467.115/0001-00;2022-12-31;1;CIA ESTADUAL DE DISTRIB ENER ELET-CEEE-D;68090916;164014;68254930;0;0;0
08.493.364/0001-62;2022-03-31;1;CIA MINEIRA DE AÇUCAR E ALCOOL PARTICIPAÇÕES;1258415912;0;1258415912;0;0;0
08.534.605/0001-74;2022-12-31;2;RENOVA ENERGIA S.A. - EM RECUPERAÇÃO JUDICIAL;122073879;122073867;244147746;0;0;0
08.560.444/0001-93;2022-12-31;1;CIA CELG DE PARTICIPACOES - CELGPAR;77928;0;77928;0;0;0
08.574.411/0001-00;2022-12-31;2;PRÁTICA PRODUTOS S.A.;3355031;373242;3728273;0;0;0
08.613.550/0001-98;2022-12-31;2;NEXPE PARTICIPAÇÕES S.A;2656;0;2656;12;0;12
08.764.621/0001-53;2022-12-31;1;GENERAL SHOPPING E OUTLETS DO BRASIL BRASIL S.A.;1928769;0;1928769;53431;0;53431
08.769.451/0001-08;2022-12-31;1;VIRGO COMPANHIA DE SECURITIZAÇÃO;35536642;0;35536642;0;0;0
08.773.135/0001-00;2022-12-31;2;2W ECOBANK S.A.;113548;0;113548;0;0;0
08.773.191/0001-36;2022-12-31;1;BRASILIANA PARTICIPAÇÕES S/A;507692309;42307699;550000008;0;0;0
08.795.211/0001-70;2022-12-31;1;MAESTRO LOCADORA DE VEICULOS S.A.;26009820;0;26009820;0;0;0
08.797.760/0001-83;2022-12-31;4;CURY CONSTRUTORA E INCORPORADORA S.A.;291875088;0;291875088;1990800;0;1990800
08.801.621/0001-86;2022-12-31;1;SYN PROP & TECH S.A.;152644;0;152644;0;0;0
08.807.432/0001-10;2022-12-31;1;YDUQS PARTICIPACOES S.A.;309089;0;309089;18897;0;18897
08.810.422/0001-34;2022-12-31;1;GUARARAPES PAINÉIS S.A.;97524234;0;97524234;0;0;0
08.811.643/0001-27;2022-12-31;3;TRISUL S.A.;186618;0;186618;4505;0;4505
08.822.767/0001-08;2022-12-31;1;CONCESSIONÁRIA DA RODOVIA MG-050 S.A.;1332658;0;1332658;0;0;0
08.827.501/0001-58;2022-12-31;1;AEGEA SANEAMENTO E PARTICIPAÇÕES S.A.;709956474;309157764;1019114238;0;0;0
08.873.873/0001-10;2022-12-31;1;ECORODOVIAS CONCESSÕES E SERVIÇOS S.A.;2086715;0;2086715;0;0;0
08.902.291/0001-15;2022-12-31;1;CSN MINERAÇÃO S.A.;5485338838;0;5485338838;0;0;0
08.935.054/0001-50;2022-12-31;2;MULTINER S/A;7877740;6843557;14721297;0;0;0
08.937.002/0001-13;2022-12-31;1;VISION SECURITIZADORA S.A.;2370202;0;2370202;0;0;0
09.041.168/0001-10;2022-12-31;1;LOG COMMERCIAL PROPERTIES E PARTICIPAÇÕES;102159;0;102159;2252;0;2252
09.042.817/0001-05;2022-12-31;2;BEMOBI MOBILE TECH S.A.;86756392;0;86756392;4152700;0;4152700
09.053.134/0001-45;2022-12-31;2;ELFA MEDICAMENTOS S.A.;510253679;0;510253679;0;0;0
09.054.385/0001-44;2022-12-31;1;INBRANDS S.A.;138442514;0;138442514;0;0;0
09.074.183/0001-64;2022-12-31;1;TRANSBRASILIANA CONCESSIONÁRIA DE RODOVIA S.A;428071224;0;428071224;0;0;0
09.095.183/0001-40;2022-12-31;1;ENERGISA PARAÍBA - DISTRIBUIDORA DE ENERGIA S/A;918160;0;918160;0;0;0
09.112.685/0001-32;2022-12-31;1;OSX BRASIL S.A. - EM RECUPERAÇÃO JUDICIAL;3148038;0;3148038;0;0;0
09.114.805/0001-30;2022-12-31;3;OCEANPACT SERVIÇOS MARITIMOS S.A.;199959554;0;199959554;2260075;0;2260075
09.116.278/0001-01;2022-12-31;1;CONPEL CIA NORDESTINA PAPEL - EM RECUPERAÇÃO JUDICIAL;14049;4073;18122;0;0;0
09.146.451/0001-06;2022-12-31;1;KALLAS INCORPORAÇÕES E CONSTRUÇÕES S.A.;109574;0;109574;0;0;0
09.149.503/0001-06;2022-12-31;2;SERENA GERAÇÃO S.A.;200274405;0;200274405;0;0;0
09.229.201/0001-30;2022-12-31;2;GPS PARTICIPAÇÕES E EMPREENDIMENTOS S.A.;669708835;0;669708835;0;0;0
09.257.877/0001-37;2022-12-31;1;FERROVIA NORTE SUL S/A;1835966791;0;1835966791;0;0;0
09.267.996/0001-70;2022-12-31;1;YUNY INCORPORADORA HOLDING S.A.;40728856;0;40728856;0;0;0
09.288.252/0001-32;2022-12-31;2;ANIMA HOLDING S.A.;403868805;0;403868805;26257255;0;26257255
09.295.063/0001-97;2022-12-31;1;TECHNOS S.A.;74506215;0;74506215;972252;0;972252
09.304.427/0001-58;2022-12-31;1;HABITASEC SECURITIZADORA SA;900000;0;900000;0;0;0
09.305.994/0001-29;2022-12-31;1;AZUL S.A.;928965058;335623408;1264588466;0;349999;349999
09.313.969/0001-97;2022-12-31;2;AUTOPISTA LITORAL SUL;1710337729;0;1710337729;0;0;0
09.324.949/0001-11;2022-12-31;1;AUTOPISTA FLUMINENSE SA;658918293;0;658918293;0;0;0
09.325.109/0001-73;2022-12-31;1;AUTOPISTA PLANALTO SUL SA;1721076003;0;1721076003;0;0;0
09.326.342/0001-70;2022-12-31;1;AUTOPISTA FERNÃO DIAS SA;2284105562;0;2284105562;0;0;0
09.336.431/0001-06;2022-12-31;1;AUTOPISTA REGIS BITTENCOURT SA;747759759;0;747759759;0;0;0
09.346.601/0001-25;2022-12-31;2;B3 S.A. - BRASIL, BOLSA, BALCÃO;6099000000;0;6099000000;314475468;0;314475468
09.347.516/0001-81;2022-12-31;2;ELETROMIDIA S.A.;139983753;0;139983753;1230018;0;1230018
09.359.927/0001-97;2022-12-31;1;ASA BRANCA HOLDING S.A.;119509291;0;119509291;0;0;0
09.391.823/0001-60;2022-12-31;1;SANTO ANTONIO ENERGIA S.A.;18591936512;0;18591936512;0;0;0
09.414.761/0001-64;2022-12-31;1;K-INFRA RODOVIA DO AÇO S.A.;438327;0;438327;0;0;0
09.527.023/0001-23;2022-12-31;1;ENVIRONMENTAL ESG PARTICIPAÇÕES S.A.;216000000;0;216000000;0;0;0
09.538.973/0001-53;2022-12-31;1;PDG COMPANHIA SECURITIZADORA;36292;0;36292;0;0;0
09.584.854/0001-37;2022-12-31;1;MANAUS TRANSMISSORA DE ENERGIA S.A;1115333123;0;1115333123;0;0;0
09.611.768/0001-76;2022-12-31;3;INC EMPREENDIMENTOS IMOBILIÁRIOS S.A.;86885350;0;86885350;0;0;0
09.625.321/0001-56;2022-12-31;1;NORTE BRASIL TRANSMISSORA DE ENERGIA S.A.;1687300000;0;1687300000;0;0;0
09.813.204/0001-16;2022-12-31;1;W2W E-COMMERCE DE VINHOS S.A.;108655567;0;108655567;0;0;0
10.139.870/0001-08;2022-12-31;2;NEOGRID PARTICIPAÇÕES S.A.;238662330;0;238662330;10138641;0;10138641
10.215.988/0001-60;2022-12-31;1;COMPANHIA DE LOCAÇÃO DAS AMÉRICAS;809173393;0;809173393;0;0;0
10.234.027/0001-00;2022-12-31;2;LINHAS DE MACAPÁ TRANSMISSORA DE ENERGIA S/A;667013209;0;667013209;0;0;0
10.240.186/0001-00;2022-12-31;2;LINHAS DE XINGU TRANSMISSORA DE ENERGIA S/A;632529094;0;632529094;0;0;0
10.285.590/0001-08;2022-12-31;1;GRUPO DE MODA SOMA S.A.;784747373;0;784747373;0;0;0
10.319.900/0001-50;2022-12-31;1;CICLUS AMBIENTAL RIO S/A;60000273;0;60000273;0;0;0
10.324.624/0001-18;2022-12-31;1;CONCESSÃO METROVIÁRIA DO RIO DE JANEIRO S.A.;1613694012;0;1613694012;0;0;0
10.338.320/0001-00;2022-12-31;1;AFLUENTE TRANSMISSÃO DE ENERGIA ELÉTRICA S/A;63085;0;63085;0;0;0
10.452.416/0001-02;2022-12-31;1;REAG CAPITAL HOLDING S.A.;158701;0;158701;0;0;0
10.488.244/0001-19;2022-12-31;2;INFRASEC SECURITIZADORA S.A.;10000;0;10000;0;0;0
10.502.676/0001-37;2022-12-31;1;TERMELÉTRICA PERNAMBUCO III S.A.;26162998;0;26162998;0;0;0
10.531.501/0001-58;2022-12-31;3;CONC AUTO RAPOSO TAVARES S.A.;6301299;6301299;12602598;0;0;0
10.571.175/0001-02;2022-12-31;1;URBA DESENVOLVIMENTO URBANO S.A.;146235;0;146235;336;0;336
10.608.405/0001-60;2022-12-31;2;BARI SECURITIZADORA S.A.;3750;0;3750;0;0;0
10.629.105/0001-68;2022-12-31;1;PRIO S.A.;882646385;0;882646385;391523650;0;391523650
10.635.691/0001-53;2022-12-31;4;VIARONDON CONCESSIONÁRIA DE RODOVIA S.A.;249500;249500;499000;0;0;0
10.647.979/0001-48;2022-12-31;1;CONC ROTA DAS BANDEIRAS S.A.;278399525;278399525;556799050;0;0;0
10.670.314/0001-55;2022-12-31;1;VIABAHIA CONCESSIONÁRIA DE RODOVIAS SA;828812;0;828812;0;0;0
10.678.505/0001-63;2022-12-31;1;CONC RODOVIAS DO TIETÊ S.A.- EM RECUPERAÇÃO JUDICIAL;30357847596;0;30357847596;0;0;0
10.739.356/0001-03;2022-12-31;2;BR ADVISORY PARTNERS PARTICIPAÇÕES S.A.;200546;114440;314986;0;0;0
10.760.260/0001-19;2022-12-31;2;CVC BRASIL OPERADORA E AGÊNCIA DE VIAGENS S.A.;277247309;0;277247309;8326;0;8326
10.807.374/0001-77;2022-12-31;1;BOA SAFRA SEMENTES S.A.;117140326;0;117140326;0;0;0
10.835.932/0001-08;2022-12-31;1;CIA ENERGETICA DE PERNAMBUCO - CELPE;66052;7648;73700;0;0;0
10.841.050/0001-55;2022-12-31;1;CONC ROD AYRTON SENNA E CARV PINTO S.A.-ECOPISTAS;687665;0;687665;0;0;0
10.851.805/0001-00;2022-12-31;2;FLEX GESTÃO DE RELACIONAMENTOS S.A.-EM RECUPERAÇÃO JUDICIAL;3248;0;3248;0;0;0
11.257.352/0001-43;2022-12-31;1;BSI CAPITAL SECURITIZADORA S.A.;128700;0;128700;0;0;0
11.274.829/0001-07;2022-12-31;1;COMPANHIA PAULISTA DE SECURITIZAÇÃO;2830956;0;2830956;0;0;0
11.284.204/0001-18;2022-12-31;1;YOU INC INCORPORADORA E PARTICIPAÇÃO S.A;32317;0;32317;0;0;0
11.421.994/0001-36;2022-12-31;3;ORIZON VALORIZAÇÃO DE RESÍDUOS S.A.;71500;0;71500;0;0;0
11.669.021/0001-10;2022-12-31;1;ENAUTA PARTICIPAÇÕES S.A.;265806905;0;265806905;2376841;0;2376841
11.716.471/0001-17;2022-12-31;1;TRX SECURITIZADORA S.A.;8521;0;8521;0;0;0
11.721.921/0001-60;2022-12-31;1;ALPER CONSULTORIA E CORRETORA DE SEGUROS S.A.;19561702;0;19561702;2;0;2
11.725.176/0001-27;2022-12-31;1;BOA VISTA SERVIÇOS S.A.;532222621;0;532222621;1664688;0;1664688
11.992.680/0001-93;2022-12-31;1;QUALICORP CONSULTORIA E CORRETORA DE SEGUROS S.A.;284014325;0;284014325;5560096;0;5560096
12.049.631/0001-84;2022-12-31;1;MOURA DUBEUX ENGENHARIA S/A;84909375;0;84909375;1665300;0;1665300
12.091.809/0001-55;2022-12-31;1;BRAVA ENERGIA S.A.;203087632;0;203087632;0;0;0
12.104.241/0004-02;2022-12-31;1;ONCOCLÍNICAS DO BRASIL SERVIÇOS MÉDICOS S.A.;494939864;0;494939864;16728889;0;16728889
12.108.897/0001-50;2022-12-31;1;D1000 VAREJO FARMA PARTICIPAÇÕES S.A.;50603;0;50603;0;0;0
12.181.987/0001-77;2022-12-31;3;MELNICK DESENVOLVIMENTO IMOBILIÁRIO S.A.;207969341;0;207969341;5784900;0;5784900
12.300.288/0001-07;2022-12-31;1;NORTE ENERGIA S.A.;13396000;0;13396000;0;0;0
12.320.349/0001-90;2022-12-31;1;ORE  SECURITIZADORA SA;827;0;827;0;0;0
12.420.164/0001-57;2022-12-31;1;CM HOSPITALAR S.A;286123360;0;286123360;2773600;0;2773600
12.489.315/0001-23;2022-12-31;1;FERREIRA GOMES ENERGIA S.A.;807080529;0;807080529;0;0;0
12.528.708/0001-07;2022-12-31;2;AERIS IND. E COM. DE EQUIP. PARA GER. DE ENG. S.A.;766213456;0;766213456;18422044;0;18422044
12.592.831/0001-89;2022-12-31;1;MNLT S.A.;2260490292;10;2260490302;0;0;0
12.648.266/0001-24;2022-12-31;1;AMBIPAR PARTICIPAÇÕES E EMPREENDIMENTOS S.A.;112935588;0;112935588;0;0;0
12.648.327/0001-53;2022-12-31;1;HIDROVIAS DO BRASIL S.A.;760383;0;760383;0;0;0
12.919.786/0001-24;2022-12-31;1;TCP TERMINAL DE CONTEINERES DE PARANAGUA SA;8116936;0;8116936;0;0;0
13.009.717/0001-46;2022-12-31;1;BCO ESTADO DE SERGIPE S.A. - BANESE;7642545;7642545;15285090;0;0;0
13.017.462/0001-63;2022-12-31;2;ENERGISA SERGIPE - DISTRIBUIDORA DE ENERGIA S/A;195509;0;195509;0;0;0
13.217.485/0001-11;2022-12-31;1;GRUPO SBF S.A.;243596138;0;243596138;0;0;0
13.270.520/0001-66;2022-12-31;1;KORA SAÚDE PARTICIPAÇÕES S.A.;772231;0;772231;5394;0;5394
13.444.994/0001-87;2022-12-31;1;MLOG S.A.;2900;0;2900;0;0;0
13.457.942/0001-45;2022-12-31;1;RIVA INCORPORADORA S.A;66584334;0;66584334;0;0;0
13.522.948/0001-59;2022-12-31;1;SAFIRA HOLDING S.A.;11010000;0;11010000;0;0;0
13.574.594/0001-96;2022-12-31;1;ZAMP SA;275355447;0;275355447;8861523;0;8861523
13.584.310/0001-42;2022-12-31;2;SUGOI S.A.;1000;0;1000;0;0;0
13.783.221/0004-78;2022-12-31;2;MADERO INDÚSTRIA E COMÉRCIO S.A.;314820171;31541101;346361272;0;0;0
14.110.585/0001-07;2022-12-31;2;MÉLIUZ S.A.;864931939;0;864931939;0;0;0
14.127.813/0001-51;2022-12-31;1;REAG INVESTIMENTOS S.A.;50224613;0;50224613;0;0;0
14.191.427/0001-29;2022-12-31;2;GRANBIO INVESTIMENTOS S.A.;108132505;0;108132505;0;0;0
14.388.334/0001-99;2022-12-31;1;PARANA BCO S.A.;1646441694;1608551157;3254992851;0;0;0
14.776.142/0001-50;2022-12-31;2;WESTWING COMÉRCIO VAREJISTA S.A.;110330290;0;110330290;0;0;0
14.785.152/0001-51;2022-12-31;2;HBR REALTY EMPREENDIMENTOS IMOBILIÁRIOS S.A.;103188981;0;103188981;0;0;0
14.807.945/0001-24;2022-12-31;1;SANSUY S.A. INDUSTRIA DE PLASTICOS;2657920;5058480;7716400;0;0;0
14.876.090/0001-93;2022-12-31;1;GAIA IMPACTO SECURITIZADORA S.A.;1500;0;1500;0;0;0
14.882.295/0001-81;2022-12-31;1;CBO HOLDING S.A.;138622434;0;138622434;0;0;0
14.998.371/0001-19;2022-12-31;1;J. MACEDO S.A.;10675;8693;19368;0;0;0
15.073.274/0001-88;2022-12-31;1;PPLA PARTICIPATIONS LTD.;2814666;1;2814667;0;0;0
15.090.690/0001-94;2022-12-31;1;CONCESSIONARIA ECOVIAS DO ARAGUAIA S.A.;1922551;0;1922551;0;0;0
15.101.405/0001-93;2022-12-31;3;CORREA RIBEIRO S.A. COMERCIO E INDUSTRIA;7815;15338;23153;6;0;6
15.114.494/0001-02;2022-12-31;1;CORREDOR LOGÍSTICA E INFRAESTRUTURA S.A.;247652018;11239603;258891621;0;0;0
15.115.504/0001-24;2022-12-31;1;TRONOX PIGMENTOS DO BRASIL S.A.;10158398;18860349;29018747;0;0;0
15.124.464/0001-87;2022-12-31;1;BANCO BESA S.A.;117651268763;51801365195;169452633958;0;0;0
15.139.629/0001-94;2022-12-31;1;CIA ELETRICIDADE EST. DA BAHIA - COELBA;151998;110098;262096;0;0;0
15.141.799/0001-03;2022-12-31;1;CIA FERRO LIGAS DA BAHIA - FERBASA;29440000;58880000;88320000;40000;3183300;3223300
15.144.017/0001-90;2022-12-31;1;CIA SEGUROS ALIANCA DA BAHIA;3840;3840;7680;0;0;0
15.413.826/0001-50;2022-12-31;1;ENERGISA MATO GROSSO DO SUL - DIST DE ENERGIA S.A.;647015;0;647015;0;0;0
15.440.708/0001-30;2022-12-31;1;CONCESSIONÁRIA VIARIO S.A.;361637226;0;361637226;0;0;0
15.484.093/0001-44;2022-12-31;1;ECO101 CONCESSIONÁRIA DE RODOVIAS S.A.;1183000;0;1183000;0;0;0
15.494.541/0001-90;2022-12-31;1;SALUS INFRAESTRUTURA PORTUARIA SA;420000;0;420000;0;0;0
15.578.569/0001-06;2022-12-31;1;CONC DO AEROPORTO INTERNACIONAL DE GUARULHOS S.A.;3033542;0;3033542;0;0;0
15.688.041/0001-90;2022-12-31;1;MBK SECURITIZADORA SA;13354;0;13354;0;0;0
16.233.389/0001-55;2022-12-31;1;CVLB BRASIL S.A;19768669;6267003;26035672;91855;0;91855
16.234.171/0001-15;2022-12-31;1;METANOR SA METANOL DO NE;97768;196571;294339;0;0;0
16.404.287/0001-55;2022-12-31;1;SUZANO S.A.;1361263584;0;1361263584;51911569;0;51911569
16.590.234/0001-76;2022-12-31;3;AZZAS 2154 S.A.;110186077;0;110186077;0;0;0
16.614.075/0001-00;2022-12-31;3;DIRECIONAL ENGENHARIA S.A.;150000000;0;150000000;1014808;0;1014808
16.670.085/0001-55;2022-12-31;2;LOCALIZA RENT A CAR S.A.;984159;0;984159;5597;0;5597
16.676.520/0001-59;2022-12-31;2;HOSPITAL MATER DEI S.A.;382329821;0;382329821;286400;0;286400
16.811.931/0001-00;2022-12-31;1;ALPHAVILLE S.A.;22415794;0;22415794;206890;0;206890
16.838.421/0001-26;2022-12-31;1;XP INVESTIMENTOS S.A.;4283056588;0;4283056588;0;0;0
16.922.038/0001-51;2022-12-31;1;ENJOEI S.A.;200243;0;200243;0;0;0
17.155.730/0001-64;2022-12-31;1;CIA ENERGETICA DE MINAS GERAIS - CEMIG;735848;1465523;2201371;0;846;846
17.159.005/0001-64;2022-12-31;1;FIACAO E TECELAGEM SAO JOSE SA EM RECUPERACAO JUDICIAL;4500;9000;13500;948;0;948
17.159.229/0001-76;2022-12-31;2;LABORATÓRIO TEUTO BRASILEIRO S.A.;54655555;0;54655555;0;0;0
17.161.241/0001-15;2022-12-31;1;MINASMAQUINAS S.A.;22;22;44;1;2;3
17.162.082/0001-73;2022-12-31;1;MENDES JUNIOR ENGENHARIA S.A.;6977;3332;10309;0;0;0
17.162.280/0001-37;2022-12-31;1;EMPRESA BRASILEIRA DE ENGENHARIA E COMÉRCIO S.A. EBEC;90000000;0;90000000;0;0;0
17.167.396/0001-69;2022-12-31;1;ALFA HOLDINGS S.A.;46011632;38670637;84682269;0;0;0
17.167.412/0001-13;2022-12-31;1;FINANCEIRA ALFA S.A.- CRED FINANC E INVS;58736269;44206287;102942556;157800;132200;290000
17.184.037/0001-10;2022-12-31;1;BCO MERCANTIL DO BRASIL S.A.;65156;39676;104832;0;349;349
17.193.806/0001-46;2022-12-31;1;CONSORCIO ALFA DE ADMINISTRACAO S.A.;40394932;33251456;73646388;0;0;0
17.234.244/0001-31;2022-12-31;1;FTL - FERROVIA TRANSNORDESTINA LOGÍSTICA S.A.;550871212;0;550871212;0;0;0
17.245.234/0001-00;2022-12-31;2;CIA FIACAO TECIDOS CEDRO CACHOEIRA;5707104;4292896;10000000;0;0;0
17.281.106/0001-03;2022-12-31;1;CIA SANEAMENTO DE MINAS GERAIS-COPASA MG;380253;0;380253;1072;0;1072
17.314.329/0001-20;2022-12-31;1;INTERNATIONAL MEAL COMPANY ALIMENTACAO S.A.;286369530;0;286369530;926500;0;926500
17.344.597/0001-94;2022-12-31;1;BB SEGURIDADE PARTICIPAÇÕES S.A.;2000000000;0;2000000000;3273567;0;3273567
17.359.233/0001-88;2022-12-31;2;TECIDOS E ARMARINHOS MIGUEL BARTOLOMEU S.A.;383000000;0;383000000;0;0;0
17.943.792/0001-30;2022-12-31;1;FULWOOD S.A.;107010;0;107010;0;0;0
18.174.270/0001-84;2022-12-31;1;DOTZ S.A.;401355670;0;401355670;0;0;0
18.328.118/0001-09;2022-12-31;2;PET CENTER COMÉRCIO E PARTICIPAÇÕES S.A.;461642885;0;461642885;15;0;15
18.483.666/0001-03;2022-12-31;1;HUMBERG AGRIBRASIL COMÉRCIO E EXPORTAÇÃO DE GRÃOS S.A.;88000000;0;88000000;1012000;0;1012000
18.494.485/0001-82;2022-12-31;2;PORTO SUDESTE V.M. S.A.;132075987101;0;132075987101;0;0;0
18.572.225/0001-88;2022-12-31;2;CONCEBRA - CONCESSIONARIA DAS RODOVIAS CENTRAIS DO BRASIL;380000;0;380000;0;0;0
18.593.815/0001-97;2022-12-31;1;PRINER SERVIÇOS INDUSTRIAIS S.A.;38908257;0;38908257;1800000;0;1800000
18.903.785/0001-78;2022-12-31;1;HOLDING DO ARAGUAIA S.A.;661150;0;661150;0;0;0
19.014.221/0001-47;2022-12-31;1;CHINA THREE GORGES BRASIL ENERGIA S.A.;992653503;0;992653503;0;0;0
19.208.022/0001-70;2022-12-31;1;ECO050 CONCESSIONÁRIA DE RODOVIAS S.A.;726000;0;726000;0;0;0
19.276.528/0001-16;2022-12-31;1;BCBF PARTICIPAÇÕES S.A.;7048080;0;7048080;0;0;0
19.378.769/0001-76;2022-12-31;1;INSTITUTO HERMES PARDINI S.A.;130979;0;130979;4139;0;4139
19.403.252/0001-90;2022-12-31;2;EMCCAMP RESIDENCIAL S.A.;51018519;0;51018519;0;0;0
19.521.322/0001-04;2022-12-31;1;CONCESSIONÁRIA ROTA DO OESTE S.A.;392058;0;392058;0;0;0
19.526.748/0001-50;2022-12-31;1;CIA INDUSTRIAL CATAGUASES;144;1;145;0;0;0
19.527.586/0001-75;2022-12-31;1;COMPANHIA ENERGÉTICA SINOP S/A;2234136;0;2234136;0;0;0
19.527.639/0001-58;2022-12-31;1;ENERGISA MINAS RIO - DISTRIBUIDORA DE ENERGIA S/A;1058767;0;1058767;0;0;0
19.642.306/0001-70;2022-12-31;1;CONCESSIONÁRIA DE RODOVIA SUL-MATOGROSSENSE S.A.;1035000000;0;1035000000;0;0;0
19.726.048/0001-00;2022-12-31;1;CONCESSIONÁRIA BR-040 S.A.;1779280945;0;1779280945;0;0;0
19.796.586/0001-70;2022-12-31;1;BRISANET PARTICIPAÇÕES S.A.;449094916;0;449094916;3350000;0;3350000
19.851.496/0001-35;2022-12-31;1;LOGOS COMPANHIA SECURITIZADORA S/A;1000;0;1000;0;0;0
20.247.322/0001-47;2022-12-31;1;ALLIED TECNOLOGIA S.A.;93221;0;93221;0;0;0
20.258.278/0001-70;2022-12-31;1;OUROFINO S.A.;53949006;0;53949006;181400;0;181400
20.512.706/0001-40;2022-12-31;3;VITRU BRASIL EMPREENDIMENTOS, PARTICIPAÇÕES E COMÉRCIO S.A.;2015664099;0;2015664099;0;0;0
20.514.555/0001-69;2022-12-31;1;ARGO VI TRANSMISSÃO DE ENERGIA S.A.;215600;0;215600;0;0;0
20.514.590/0001-88;2022-12-31;1;ARGO V TRANSMISSÃO DE ENERGIA S.A.;251285;0;251285;0;0;0
21.110.778/0001-23;2022-12-31;1;OLIVEIRA TRUST S.A.;172280750;1688692500;1860973250;0;0;0
21.240.146/0001-84;2022-12-31;1;AGROGALAXY PARTICIPAÇÕES S.A. - EM RECUPERAÇÃO JUDICIAL;170824989;0;170824989;3395679;0;3395679
21.254.073/0001-80;2022-12-31;1;COMPANHIA ITAUNENSE ENERGIA E PARTICIPAÇÕES;7589885;0;7589885;0;0;0
21.255.567/0001-89;2022-12-31;1;CIA TECIDOS SANTANENSE EM RECUPERAÇÃO JUDICIAL;9510;18314;27824;0;0;0
21.314.559/0001-66;2022-12-31;3;MOVIDA PARTICIPACOES SA;362302086;0;362302086;653095;0;653095
21.331.849/0001-18;2022-12-31;1;CREDGRID SERVIÇOS FINANCEIROS S.A.;1610022;0;1610022;0;0;0
21.389.501/0001-81;2022-12-31;1;COMPASS GÁS E ENERGIA S.A.;628487691;85702404;714190095;0;0;0
21.414.457/0001-12;2022-12-31;2;LEADS CIA. SECURITIZADORA;1440349;0;1440349;0;0;0
21.728.083/0001-00;2022-12-31;1;ARGO VII TRANSMISSÃO DE ENERGIA S.A.;504397;0;504397;0;0;0
21.948.105/0001-47;2022-12-31;1;BTGI QUARTZO PARTICIPAÇÕES S/A;1000500;0;1000500;0;0;0
21.976.510/0001-79;2022-12-31;1;BTGI SAFIRA PARTICIPAÇÕES S/A;1000500;0;1000500;0;0;0
22.163.297/0001-49;2022-12-31;1;CONCESSIONÁRIA PONTE RIO-NITERÓI S.A. - ECOPONTE;147368;0;147368;0;0;0
22.261.473/0001-85;2022-12-31;1;COMPANHIA DE GÁS DE MINAS GERAIS - GASMIG;204628;204627;409255;0;0;0
22.266.175/0001-88;2022-12-31;1;FERTILIZANTES HERINGER S.A.;53857284;0;53857284;0;0;0
22.543.331/0001-00;2022-12-31;1;CAIXA SEGURIDADE PARTICIPAÇÕES S.A.;3000000;0;3000000;0;0;0
22.677.520/0001-76;2022-12-31;1;CIA TECIDOS NORTE DE MINAS COTEMINAS;13912800;16723657;30636457;0;0;0
23.041.875/0001-37;2022-12-31;1;ALMACENES ÉXITO S.A.;1297864359;0;1297864359;46856094;0;46856094
23.096.269/0001-19;2022-12-31;1;RIO PARANA ENERGIA S.A.;7014326;0;7014326;0;0;0
23.236.821/0001-27;2022-12-31;2;PATRIMAR ENGENHARIA S.A.;56026;0;56026;0;0;0
23.373.000/0001-32;2022-12-31;1;VAMOS LOCAÇÃO DE CAMINHÕES, MÁQUINAS E EQUIPAMENTOS S.A.;1025397970;0;1025397970;7964924;0;7964924
23.438.929/0001-00;2022-12-31;2;TRIPLE PLAY BRASIL PARTICIPAÇÕES S.A.;216689;0;216689;0;0;0
24.230.275/0001-80;2022-12-31;2;PLANO & PLANO DESENVOLVIMENTO IMOBILIÁRIO S.A.;204256000;0;204256000;6000000;0;6000000
24.396.489/0001-20;2022-12-31;1;BRK AMBIENTAL PARTICIPAÇÕES S.A.;2646299065;0;2646299065;0;0;0
24.410.913/0001-44;2022-12-31;1;NU HOLDINGS LTD.;4694787854;0;4694787854;0;0;0
24.624.490/0001-65;2022-12-31;1;ARGO TRANSMISSÃO DE ENERGIA S/A;499811;0;499811;0;0;0
24.624.551/0001-94;2022-12-31;1;ARGO ENERGIA EMPREENDIMENTOS E PARTICIPAÇÕES S/A;1759419386;38155607;1797574993;0;0;0
24.921.465/0001-43;2022-12-31;1;BLUEFIT ACADEMIAS DE GINÁSTICA E PARTICIPAÇÕES S.A.;81815600;0;81815600;0;0;0
24.962.466/0001-36;2022-12-31;1;RUMO MALHA NORTE S.A.;1107698070;81714293;1189412363;0;0;0
24.990.777/0001-09;2022-12-31;3;GRUPO MATEUS S.A.;2209346079;0;2209346079;0;0;0
25.089.509/0001-83;2022-12-31;1;COMPANHIA DE SANEAMENTO DO TOCANTINS - SANEATINS;2513957;5;2513962;0;0;0
25.249.439/0001-83;2022-12-31;1;HOSPITAL CARE CALEDONIA S.A.;129351918;0;129351918;0;0;0
25.369.840/0001-57;2022-12-31;1;COMERC ENERGIA S.A.;363029262;0;363029262;0;0;0
26.072.786/0001-46;2022-12-31;1;QESTRA TECNOLOGIA ADMINISTRAÇÃO E PARTICIPAÇÕES S.A.;560177;0;560177;0;0;0
26.345.998/0001-50;2022-09-30;1;TC S.A.;280147;0;280147;489;0;489
26.345.998/0001-50;2022-12-31;3;TC S.A.;280147;0;280147;189;0;189
26.462.693/0001-28;2022-12-31;1;LAVVI EMPREENDIMENTOS IMOBILIÁRIOS S.A.;199534352;0;199534352;4100000;0;4100000
26.609.050/0001-64;2022-12-31;1;TRAVESSIA SECURITIZADORA S.A.;238;0;238;0;0;0
26.659.061/0001-59;2022-12-31;1;MPM CORPÓREOS S.A.;361423066;0;361423066;0;0;0
26.664.057/0001-89;2022-12-31;1;ENTREVIAS CONCESSIONÁRIA DE RODOVIAS S.A.;580628;0;580628;0;0;0
26.845.702/0001-60;2022-12-31;1;EQUATORIAL TRANSMISSORA 7 SPE S.A.;146857116;0;146857116;0;0;0
26.982.634/0001-80;2022-12-31;1;TURBI COMPARTILHAMENTO DE VEÍCULOS S.A.;12520;6448;18968;0;0;0
27.093.558/0001-15;2022-12-31;2;MILLS LOCAÇÃO, SERVIÇOS E LOGÍSTICA S.A.;246309;0;246309;5502;0;5502
27.137.879/0001-74;2022-12-31;1;CIA SEC DE CRÉDITOS FINANCEIROS CARTÕES CONSIGNADOS I;72;0;72;0;0;0
27.157.474/0001-06;2022-12-31;1;ÁGUAS DE TERESINA SANEAMENTO SPE S.A.;86579150;0;86579150;0;0;0
27.743.642/0001-37;2022-12-31;1;CONSTRUTORA METROCASA S.A.;15000;0;15000;0;0;0
27.956.690/0001-03;2022-12-31;2;AUZZA SECURITIZADORA S. A.;601666;0;601666;0;0;0
27.967.244/0001-02;2022-12-31;1;EQUATORIAL TRANSMISSORA 8 SPE S.A.;171170601;0;171170601;0;0;0
28.019.100/0001-89;2022-12-31;1;VIAPAULISTA S.A.;1397784793;0;1397784793;0;0;0
28.127.603/0001-78;2022-12-31;1;BANESTES S.A. - BCO EST ESPIRITO SANTO;231006;84906;315912;0;0;0
28.152.650/0001-71;2022-12-31;1;EDP ESPIRITO SANTO DISTRIBUIÇÃO DE ENERGIA S.A.;5876;0;5876;0;0;0
28.195.667/0001-06;2022-12-31;2;BCO ABC BRASIL S.A.;113445475;112644643;226090118;0;5237311;5237311
28.201.130/0001-01;2022-12-31;2;ENERGISA TRANSMISSÃO DE ENERGIA S/A;63304246;0;63304246;0;0;0
28.594.234/0001-23;2022-12-31;1;AUREN ENERGIA S.A.;1000000;0;1000000;0;0;0
28.925.264/0001-75;2022-12-31;1;COMPANHIA ENERGÉTICA JAGUARA;854408805;0;854408805;0;0;0
28.942.127/0001-49;2022-12-31;1;COMPANHIA ENERGÉTICA MIRANDA;815927740;0;815927740;0;0;0
29.780.061/0001-09;2022-12-31;3;SAO CARLOS EMPREEND E PARTICIPACOES S.A.;57737;0;57737;876;0;876
29.884.545/0001-90;2022-12-31;1;ECORIOMINAS CONCESSIONÁRIA DE RODOVIAS S.A.;441281;0;441281;0;0;0
29.950.060/0001-57;2022-12-31;1;NORTEC QUÍMICA S.A.;11759;119;11878;0;0;0
29.980.141/0001-08;2022-12-31;1;OCEÂNICA ENGENHARIA E CONSULTORIA S.A.;30000000;0;30000000;0;0;0
30.213.493/0001-09;2022-12-31;1;TEGRA INCORPORADORA S.A.;310008272;0;310008272;0;0;0
30.306.294/0001-45;2022-12-31;4;BCO BTG PACTUAL S.A.;7244165568;4261954360;11506119928;10000000;0;10000000
30.540.991/0001-66;2022-12-31;1;HAGA S.A. INDUSTRIA E COMERCIO;3966667;7933333;11900000;0;0;0
30.723.886/0001-62;2022-12-31;1;BANCO MODAL S.A.;704200000;0;704200000;18670845;0;18670845
30.788.149/0001-48;2022-12-31;2;GUARDIAN COMPANHIA SECURITIZADORA;100000;0;100000;0;0;0
31.001.230/0001-07;2022-12-31;1;CELEO REDES TRANSMISSÃO DE ENERGIA S.A.;85600;0;85600;0;0;0
31.468.139/0001-98;2022-12-31;1;CASA DE PEDRA SECURITIZADORA DE CREDITO S/A;20;0;20;0;0;0
31.553.627/0001-01;2022-12-31;1;MOBLY S.A.;106490;0;106490;0;0;0
31.701.408/0001-14;2022-03-31;1;ATHENA SAÚDE BRASIL SA;420758081;0;420758081;0;0;0
31.748.174/0001-60;2022-12-31;1;VERO S.A.;85052673;0;85052673;0;0;0
32.021.201/0001-61;2022-12-31;1;ORIGEM ENERGIA S.A.;1172961899;0;1172961899;0;0;0
32.161.500/0001-00;2022-12-31;1;CONCESSIONÁRIA DAS RODOVIAS INTEGRADAS DO SUL S.A.;1188456196;0;1188456196;0;0;0
32.681.371/0001-72;2022-12-31;1;VIX LOGÍSTICA S.A.;84706;0;84706;0;0;0
32.785.497/0001-97;2022-12-31;1;NATURA &CO HOLDING S.A.;1383206;0;1383206;9914;0;9914
33.000.167/0001-01;2022-12-31;1;PETROLEO BRASILEIRO S.A. PETROBRAS;7442454142;5602042788;13044496930;222760;72909;295669
33.035.536/0001-00;2022-12-31;1;JOAO FORTES ENGENHARIA S.A. - EM RECUPERAÇÃO JUDICIAL;105203815;0;105203815;0;0;0
33.040.601/0001-87;2022-12-31;1;MERCANTIL FINANCEIRA S.A. - CRÉDITO, FINANCIAMENTO E INVESTI;10180;7830;18010;0;0;0
33.041.260/0652-90;2022-12-31;1;GRUPO CASAS BAHIA S.A.;1598431;0;1598431;18095;0;18095
33.042.730/0001-04;2022-12-31;2;CIA SIDERURGICA NACIONAL;1326093947;0;1326093947;0;0;0
33.050.071/0001-58;2022-12-31;1;AMPLA ENERGIA E SERVICOS S.A.;240210;0;240210;0;0;0
33.050.196/0001-88;2022-12-31;1;CIA PAULISTA DE FORCA E LUZ;880653030;0;880653030;1;0;1
33.102.476/0001-92;2022-12-31;1;MONTEIRO ARANHA S.A.;12251221;0;12251221;0;0;0
33.113.309/0001-47;2022-12-31;2;VALID SOLUÇÕES S.A.;81836375;0;81836375;2011873;0;2011873
33.130.691/0001-05;2022-12-31;1;WILSON SONS S.A.;438901933;0;438901933;509800;0;509800
33.200.049/0001-47;2022-12-31;1;HOTEIS OTHON S.A. - EM RECUPERAÇÃO JUDICIAL;10478;7894;18372;0;0;0
33.228.024/0001-51;2022-12-31;1;WLM PART. E COMÉRCIO DE MÁQUINAS E VEÍCULOS S.A.;16571220;19843450;36414670;0;0;0
33.256.439/0001-39;2022-12-31;1;ULTRAPAR PARTICIPACOES S.A.;1115173080;0;1115173080;19974556;0;19974556
33.352.394/0001-04;2022-12-31;1;CIA ESTADUAL DE ÁGUAS E ESGOTOS - CEDAE;629071608;0;629071608;0;0;0
33.376.989/0001-91;2022-12-31;3;IRB - BRASIL RESSEGUROS S.A.;82263011;1;82263012;420125;0;420125
33.386.210/0001-19;2022-12-31;2;SONDOTECNICA ENGENHARIA SOLOS S.A.;856;1602;2458;0;27;27
33.412.081/0001-96;2022-12-31;1;REFINARIA DE PETROLEOS MANGUINHOS S.A.;67692;0;67692;7;0;7
33.453.598/0001-23;2022-03-31;1;RAÍZEN S.A.;8993572584;1358936900;10352509484;0;6907800;6907800
33.467.572/0001-34;2022-12-31;1;TEKNO S.A. - INDUSTRIA E COMERCIO;1587;1361;2948;0;0;0
33.541.368/0001-16;2022-12-31;1;CIA HIDRO ELÉTRICA DO SÃO FRANCISCO;54151;1754;55905;0;0;0
33.572.408/0001-97;2022-12-31;1;RUMO MALHA CENTRAL S.A.;4470908744;0;4470908744;0;0;0
33.592.510/0001-54;2022-12-31;2;VALE S.A.;4778889;0;4778889;295811;0;295811
33.611.500/0001-19;2022-12-31;1;GERDAU S.A.;571929945;1101467245;1673397190;0;9836850;9836850
33.839.910/0001-11;2022-12-31;1;VIVARA PARTICIPAÇÕES S.A.;236197769;0;236197769;607612;0;607612
33.938.119/0001-69;2022-12-31;1;CIA DISTRIB DE GAS DO RIO DE JANEIRO-CEG;259638;0;259638;12206;0;12206
33.958.695/0001-78;2022-12-31;1;UNIPAR CARBOCLORO S.A.;36308767;67567391;103876158;318900;58192;377092
34.169.557/0001-72;2022-12-31;1;BCO MERCANTIL DE INVESTIMENTOS S.A.;4115;710;4825;0;0;0
34.274.233/0001-02;2022-12-31;1;VIBRA ENERGIA S/A;1165000;0;1165000;50096;0;50096
35.082.277/0001-95;2022-12-31;1;BASE SECURITIZADORA DE CRÉDITOS IMOBILIÁRIOS S.A;10000;0;10000;0;0;0
35.522.178/0001-87;2022-12-31;1;CIA SECURITIZADORA DE CRED. FIN. CARTÕES CONSIGNADOS II;10;0;10;0;0;0
35.593.905/0001-05;2022-12-31;1;CONCESSIONÁRIA ECOVIAS DO CERRADO S.A.;622407;0;622407;0;0;0
35.727.157/0001-06;2022-12-31;1;EZ INC INCORPORAÇÕES S.A.;200000000;0;200000000;0;0;0
35.791.391/0001-94;2022-12-31;1;QUALITY SOFTWARE S.A.;861605;0;861605;0;0;0
35.822.503/0001-27;2022-12-31;1;INSPIRALI EDUCAÇÃO S.A.;355906780;0;355906780;0;0;0
35.980.592/0001-30;2022-12-31;1;ELEA DIGITAL INFRAESTRUTURA E REDES DE TELECOMUNICAÇÕES S.A.;10948437;0;10948437;0;0;0
36.146.575/0001-64;2022-12-31;1;EIXO SP CONCESSIONÁRIA DE RODOVIAS S.A.;969857;0;969857;0;0;0
36.542.025/0001-64;2022-12-31;1;BRQ SOLUCOES EM INFORMATICA S.A.;133186083;0;133186083;322173;0;322173
36.763.716/0001-98;2022-12-31;2;CONCESSIONÁRIA CATARINENSE DE RODOVIAS S.A.;991031991;991031991;1982063982;0;0;0
37.663.076/0001-07;2022-12-31;1;AUREN PARTICIPAÇÕES S.A.;601927311;0;601927311;0;0;0
37.702.340/0001-74;2022-12-31;1;MONTE RODOVIAS S.A.;472264376;0;472264376;0;0;0
38.042.694/0001-00;2022-12-31;1;TRAVESSIA SECURITIZADORA DE CRÉDITOS FINANCEIROS S.A.;500;0;500;0;0;0
38.126.888/0001-86;2022-12-31;1;RIO ENERGY PARTICIPAÇÕES S.A.;783227667;0;783227667;0;0;0
38.199.406/0001-18;2022-12-31;2;RIO ALTO ENERGIAS RENOVÁVEIS S.A.;46;0;46;0;0;0
38.307.135/0001-77;2022-12-31;1;G2D INVESTMENTS, LTD.;84975995;30080393;115056388;0;0;0
38.456.921/0001-36;2022-12-31;2;INFRACOMMERCE CXAAS S.A.;365529734;0;365529734;0;0;0
38.482.780/0001-26;2022-12-31;1;ANEMUS WIND HOLDING S.A.;197000;0;197000;0;0;0
38.543.489/0001-10;2022-12-31;1;AMAZONE FUN PARKS S.A.;100000;0;100000;0;0;0
39.115.514/0001-28;2022-12-31;1;RUMO MALHA OESTE S.A.;469852195;19858293;489710488;0;0;0
39.346.861/0350-38;2022-12-31;1;CENCOSUD BRASIL COMERCIAL S.A.;6801464243;0;6801464243;0;0;0
39.580.673/0001-01;2022-12-31;1;BRK AMBIENTAL - REGIÃO METROPOLITANA DE MACEIÓ S.A.;840926897;0;840926897;0;0;0
39.881.421/0001-04;2022-12-31;1;COMPANHIA ESTADUAL DE GERAÇÃO DE ENERGIA ELÉTRICA - CEEE-G;9491023;145543;9636566;0;0;0
40.159.947/0001-64;2022-12-31;2;HMOBI PARTICIPAÇÕES S.A.;1833880255;0;1833880255;0;0;0
40.180.943/0001-68;2022-12-31;1;REFINARIA DE MANAUS S.A.;995517914;0;995517914;0;0;0
40.263.170/0001-83;2022-12-31;1;SOLVI ESSENCIS AMBIENTAL S.A.;281382075;0;281382075;0;0;0
40.337.136/0001-06;2022-12-31;1;TERRA SANTA PROPRIEDADES AGRÍCOLAS S.A.;96227;0;96227;20;0;20
40.480.481/0001-02;2022-12-31;2;RIO ALTO STL HOLDING I S.A.;478106000;0;478106000;0;0;0
40.593.395/0001-06;2022-02-28;1;IFIN PARTICIPAÇÕES S.A.;1000;0;1000;0;0;0
40.593.395/0001-06;2022-12-31;1;IFIN PARTICIPAÇÕES S.A.;1000;0;1000;0;0;0
40.997.635/0001-20;2022-12-31;1;PORTO DE VITORIA COMPANHIA SECURITIZADORA DE CREDITOS FINANC;500;0;500;0;0;0
41.052.420/0001-07;2022-12-31;1;SOLAR BEBIDAS S.A.;1190097985;1140951274;2331049259;0;0;0
41.096.674/0001-19;2022-12-31;1;CANTU STORE S.A.;150750000;0;150750000;0;0;0
41.335.131/0001-07;2022-12-31;1;MOTTU I S.A;13627;0;13627;0;0;0
41.508.382/0001-46;2022-12-31;1;RODOVIAS DO BRASIL HOLDING S.A.;928270206;0;928270206;0;0;0
41.570.356/0001-48;2022-12-31;1;VRENTAL LOCAÇÃO DE MÁQUINAS E EQUIPAMENTOS S.A.;31376303;0;31376303;0;0;0
41.886.692/0001-02;2022-12-31;1;CONCESSIONARIA ROTA DE SANTA MARIA S.A;260234200;0;260234200;0;0;0
42.150.391/0001-70;2022-12-31;1;BRASKEM S.A.;451668652;345539182;797207834;0;665408;665408
42.233.757/0001-75;2022-12-31;1;ALVAREZ & MARSAL INVESTIMENTOS I S.A.;1000;0;1000;0;0;0
42.278.291/0001-24;2022-12-31;1;LOG-IN LOGISTICA INTERMODAL S.A.;106476691;0;106476691;1218772;0;1218772
42.278.473/0001-03;2022-12-31;1;WIZ CO PARTICIPAÇÕES E CORRETAGEM DE SEGUROS S.A.;159907282;0;159907282;0;0;0
42.292.007/0001-74;2022-12-31;1;RIO+ SANEAMENTO BL 3 S.A.;875002500;0;875002500;0;0;0
42.310.775/0001-03;2022-12-31;1;ÁGUAS DO RIO 1 SPE S.A.;56438395;439027236;495465631;0;0;0
42.331.462/0001-31;2022-12-31;1;EMBPAR PARTICIPAÇÕES S/A;14860;0;14860;0;0;0
42.353.180/0001-35;2022-12-31;2;IGUÁ RIO DE JANEIRO S.A.;560001;0;560001;0;0;0
42.500.384/0001-51;2022-12-31;5;SERENA ENERGIA S.A.;622730556;0;622730556;0;0;0
42.644.220/0001-06;2022-12-31;1;ÁGUAS DO RIO 4 SPE S.A.;79440239;636322028;715762267;0;0;0
42.737.954/0001-21;2022-12-31;2;INTER & CO, INC.;401803041;0;401803041;0;0;0
42.771.949/0001-35;2022-12-31;1;ALLIANÇA SAÚDE E PARTICIPAÇÕES S.A.;118292816;0;118292816;482521;0;482521
43.283.811/0001-50;2022-12-31;1;KALUNGA S.A;622139776;0;622139776;0;0;0
43.335.774/0001-86;2022-12-31;1;TRAVESSIA SECURITIZADORA DE CRÉDITOS MERCANTIS VI S.A.;500;0;500;0;0;0
43.470.988/0001-65;2022-12-31;1;EVEN CONSTRUTORA E INCORPORADORA S.A.;212000000;0;212000000;5349176;0;5349176
43.513.237/0001-89;2022-12-31;1;AUTOMOB S.A.;715013974;0;715013974;0;0;0
43.514.079/0001-81;2022-12-31;1;CLI SUL S.A.;800000500;0;800000500;0;0;0
43.776.517/0001-80;2022-12-31;1;CIA SANEAMENTO BASICO EST SAO PAULO;683509869;0;683509869;0;0;0
43.948.405/0001-69;2022-12-31;3;LUPO S.A.;197593686;0;197593686;0;0;0
44.067.725/0001-72;2022-12-31;1;VIA BRASIL BR 163 CONCESSIONÁRIA DE RODOVIAS S.A.;250000000;0;250000000;0;0;0
44.319.688/0001-42;2022-12-31;1;CONCESSIONÁRIA DO SISTEMA RODOVIÁRIO RIO-SÃO PAULO S.A;2034122500;0;2034122500;0;0;0
45.242.914/0001-05;2022-12-31;1;C&A MODAS S.A.;308245068;0;308245068;1969900;0;1969900
45.365.558/0001-09;2022-12-31;1;VITTIA S.A.;143049107;0;143049107;728997;0;728997
45.453.214/0001-51;2022-12-31;2;PROFARMA DISTRIB PROD FARMACEUTICOS S.A.;123813;0;123813;1202;0;1202
45.456.117/0001-12;2022-12-31;1;ÁGUAS DO SERTÃO S.A.;550000000;0;550000000;0;0;0
45.987.245/0001-92;2022-12-31;1;BAHEMA EDUCAÇÃO S.A.;23897724;0;23897724;0;0;0
46.119.855/0001-37;2022-12-31;1;SOCIEDADE ABASTECIMENTO DE ÁGUA E SANEAMENTO S.A - SANASA;508210;0;508210;0;0;0
47.508.411/0001-56;2022-12-31;1;CIA BRASILEIRA DE DISTRIBUICAO;270139;0;270139;160;0;160
47.509.120/0001-82;2022-12-31;1;BRADESCO LEASING S.A. ARREND MERCANTIL;24;0;24;0;0;0
47.586.663/0001-01;2022-12-31;1;NOVA SOCIEDADE DE NAVEGAÇÃO S.A.;1000;0;1000;0;0;0
47.960.950/0001-21;2022-12-31;1;MAGAZINE LUIZA S.A.;6748926848;0;6748926848;71704378;0;71704378
49.263.189/0001-02;2022-12-31;2;HELBOR EMPREENDIMENTOS S.A.;133851;0;133851;1157;0;1157
49.669.856/0001-43;2022-12-31;2;VESTE S.A. ESTILO;848592;0;848592;0;0;0
50.564.053/0001-03;2022-12-31;1;BOMBRIL S.A.;137615;122894;260509;0;0;0
50.746.577/0001-15;2022-12-31;1;COSAN S.A.;1874070932;0;1874070932;7432832;0;7432832
50.926.955/0001-42;2022-12-31;3;VULCABRAS S.A.;245756;0;245756;492;0;492
51.128.999/0001-90;2022-12-31;1;NUTRIPLANT INDUSTRIA E COMERCIO S.A.;132444;0;132444;110;0;110
51.218.147/0001-93;2022-12-31;2;IGUATEMI EMPRESA DE SHOPPING CENTERS S.A;181843316;0;181843316;0;0;0
51.466.860/0001-56;2022-03-31;1;SAO MARTINHO S.A.;354011329;0;354011329;7636263;0;7636263
51.928.174/0001-50;2022-12-31;1;PLASCAR PARTICIPACOES INDUSTRIAIS S.A.;12425;0;12425;0;0;0
52.123.916/0001-32;2022-12-31;1;DORI ALIMENTOS S.A.;961024;0;961024;0;0;0
52.548.435/0001-79;2022-12-31;1;JSL S.A.;286431078;0;286431078;1904072;0;1904072
53.113.791/0001-22;2022-12-31;1;TOTVS S.A.;617183181;0;617183181;11435754;0;11435754
56.444.250/0001-75;2022-12-31;1;HAUSCENTER SA;2327;0;2327;0;0;0
56.643.018/0001-66;2022-12-31;1;EUCATEX S.A. INDUSTRIA E COMERCIO;31258;61361;92619;0;426;426
56.720.428/0001-63;2022-12-31;1;ROMI S.A.;80667314;0;80667314;0;0;0
56.992.423/0001-90;2022-12-31;1;BICICLETAS MONARK S.A.;454750;0;454750;0;0;0
58.119.199/0001-51;2022-12-31;1;ODONTOPREV S.A.;568465803;0;568465803;15970140;0;15970140
58.430.828/0001-60;2022-12-31;1;BLAU FARMACÊUTICA S.A.;179393939;0;179393939;1563200;0;1563200
59.105.999/0001-86;2022-12-31;4;WHIRLPOOL S.A.;1028701;474085;1502786;0;0;0
59.285.411/0001-13;2022-12-31;1;BCO PAN S.A.;657560635;615619049;1273179684;0;33153061;33153061
59.418.806/0001-47;2022-12-31;1;TRACK & FIELD CO S.A.;877251375;71992864;949244239;0;4222903;4222903
59.717.553/0001-02;2022-12-31;1;GRUPO MULTI S.A.;820539225;0;820539225;7981885;0;7981885
59.789.545/0001-71;2022-12-31;1;POLPAR S.A.;34;40;74;0;0;0
59.981.829/0001-65;2022-12-31;1;RODOBENS SA;548920372;407374120;956294492;0;2489004;2489004
60.398.369/0004-79;2022-12-31;1;PARANAPANEMA S.A. - EM RECUPERAÇÃO JUDICIAL;43403849;0;43403849;1441;0;1441
60.444.437/0001-46;2022-12-31;1;LIGHT SERVICOS DE ELETRICIDADE S.A.;494310225787;0;494310225787;0;0;0
60.476.884/0001-87;2022-12-31;2;MAHLE-METAL LEVE S.A.;128308500;0;128308500;0;0;0
60.500.139/0001-26;2022-12-31;1;SARAIVA LIVREIROS S.A. - EM RECUPERAÇÃO JUDICIAL;672;8963;9635;0;0;0
60.537.263/0001-66;2022-12-31;1;ALLPARK EMPREENDIMENTOS, PARTICIPAÇÕES E SERVIÇOS S.A.;214426523;0;214426523;148900;0;148900
60.543.816/0001-93;2022-12-31;1;IGUATEMI S.A.;797612750;435494160;1233106910;120419;207426;327845
60.651.809/0001-05;2022-12-31;1;SUZANO HOLDING S.A.;75034;97893;172927;0;0;0
60.665.981/0001-18;2022-12-31;1;UNIÃO QUÍMICA FARMACÊUTICA NACIONAL S.A.;807352850;0;807352850;0;0;0
60.730.348/0001-66;2022-12-31;1;CIA MELHORAMENTOS DE SAO PAULO;5631;773;6404;2;4;6
60.746.948/0001-12;2022-12-31;1;BCO BRADESCO S.A.;5338394;5320094;10658488;-8089;-8229;-16318
60.770.336/0001-65;2022-12-31;1;BCO ALFA DE INVESTIMENTO S.A.;53482129;35118455;88600584;68300;0;68300
60.840.055/0001-31;2022-12-31;1;FLEURY S.A.;367197096;0;367197096;793123;0;793123
60.851.615/0001-53;2022-12-31;1;BARDELLA S.A. INDUSTRIAS MECANICAS EM RECUPERAÇÃO JUDICIAL;607192;992808;1600000;0;0;0
60.872.504/0001-23;2022-12-31;1;ITAU UNIBANCO HOLDING S.A.;4958290;4845845;9804135;0;3269;3269
60.884.319/0001-59;2022-12-31;1;NORDON INDUSTRIAS METALURGICAS S.A.;6621;0;6621;0;0;0
60.894.730/0001-05;2022-12-31;1;USINAS SID DE MINAS GERAIS S.A.-USIMINAS;705260684;547818424;1253079108;2526656;19609792;22136448
60.933.603/0001-78;2022-12-31;1;CESP - CIA ENERGETICA DE SAO PAULO;327390;0;327390;113;0;113
61.022.042/0001-18;2022-12-31;1;CONSTRUTORA ADOLPHO LINDENBERG S.A.;3720971;0;3720971;0;0;0
61.065.298/0001-02;2022-12-31;1;MANGELS INDUSTRIAL S.A.;2067243;3715969;5783212;0;0;0
61.065.751/0001-80;2022-12-31;2;ROSSI RESIDENCIAL S.A. - EM RECUPERAÇÃO JUDICIAL;20000000;0;20000000;245081;0;245081
61.079.117/0001-05;2022-12-31;3;ALPARGATAS S.A.;339510689;343551533;683062222;32;8712148;8712180
61.080.313/0001-91;2022-12-31;1;COBRASMA S.A.;403041;622808;1025849;0;0;0
61.082.004/0001-50;2022-12-31;1;MANUFATURA DE BRINQUEDOS ESTRELA S.A.;269;539;808;0;0;0
61.088.894/0001-08;2022-12-31;2;CAMBUCI S.A.;42275080;0;42275080;305707;0;305707
61.092.037/0001-81;2022-12-31;1;ETERNIT S.A.;61777;0;61777;10;0;10
61.156.113/0001-75;2022-12-31;1;IOCHPE MAXION S.A.;153720;0;153720;1350;0;1350
61.156.931/0001-78;2022-12-31;1;SIDERURGICA J. L. ALIPERTI S.A.;6250;12345;18595;0;380;380
61.186.680/0001-74;2022-12-31;1;BANCO BMG S/A;372696198;210536213;583232411;0;202532;202532
61.189.288/0001-89;2022-12-31;2;MARISA LOJAS S.A.;342842;0;342842;190;0;190
61.190.096/0001-92;2022-12-31;1;EUROFARMA LABORATÓRIOS S.A.;987568073;0;987568073;0;0;0
61.351.532/0001-68;2022-12-31;2;AZEVEDO E TRAVASSOS S.A.;26539706;50640763;77180469;0;0;0
61.374.161/0001-30;2022-12-31;1;BAUMER S.A.;4900000;4900000;9800000;11890;3600;15490
61.409.892/0001-73;2022-12-31;2;COMPANHIA BRASILEIRA DE ALUMÍNIO;595833333;0;595833333;0;0;0
61.486.650/0001-83;2022-12-31;1;DIAGNOSTICOS DA AMERICA S.A.;560578264;0;560578264;23943660;0;23943660
61.532.644/0001-15;2022-12-31;1;ITAÚSA S.A.;3333921;6367489;9701410;0;0;0
61.584.140/0001-49;2022-12-31;1;REDE ENERGIA PARTICIPAÇÕES S.A.;2110323374;0;2110323374;0;0;0
61.585.865/0001-51;2022-12-31;1;RAIA DROGASIL S.A.;1651930000;0;1651930000;4179812;0;4179812
61.695.227/0001-93;2022-12-31;1;ELETROPAULO METROP. ELET. SAO PAULO S.A.;197467;0;0;0;0;0
61.856.571/0001-17;2022-12-31;1;CIA GAS DE SAO PAULO - COMGAS;103862768;28657819;132520587;0;0;0
62.002.886/0001-60;2022-12-31;2;SAO PAULO TURISMO S.A.;8407;135;8542;0;1;1
62.070.362/0001-06;2022-12-31;1;COMPANHIA DO METROPOLITANO DE SÃO PAULO - METRÔ;8463;0;8463;0;0;0
62.144.175/0001-20;2022-12-31;4;BCO PINE S.A;97895475;88545732;186441207;0;0;0
62.232.889/0001-90;2022-12-31;2;BCO DAYCOVAL S.A.;1323471042;567201876;1890672918;0;0;0
62.258.884/0001-36;2022-12-31;1;INTERCEMENT BRASIL S.A. - EM RECUPERAÇÃO JUDICIAL;411597545;0;411597545;0;0;0
62.307.848/0001-15;2022-12-31;1;BANCO RCI BRASIL S.A.;202512;201941;404453;0;0;0
62.984.091/0001-02;2022-12-31;1;CRUZEIRO DO SUL EDUCACIONAL S.A.;381822240;0;381822240;5602700;0;5602700
64.904.295/0001-03;2022-02-28;2;CAMIL ALIMENTOS S.A.;370000000;0;370000000;9986500;0;9986500
65.654.303/0001-73;2022-12-31;1;DIBENS LEASING S.A. - ARREND.MERCANTIL;2215856;0;2215856;0;0;0
67.010.660/0001-24;2022-12-31;3;RNI NEGÓCIOS IMOBILIÁRIOS S.A.;43770;0;43770;1567;0;1567
67.571.414/0001-41;2022-12-31;2;VIVER INCORPORADORA E CONSTRUTORA S.A.;192397;0;192397;0;0;0
67.620.377/0001-14;2022-12-31;1;MINERVA S.A.;607283407;0;607283407;22353200;0;22353200
68.400.225/0001-79;2022-06-30;2;CLARANET TECHNOLOGY S.A.;118743;0;118743;0;0;0
71.208.516/0001-74;2022-12-31;1;ALGAR TELECOM S/A;295020;0;295020;573;0;573
71.476.527/0001-35;2022-12-31;1;CONSTRUTORA TENDA S.A.;104344;0;104344;3184;0;3184
71.673.990/0001-77;2022-12-31;1;NATURA COSMETICOS S.A.;920205;0;920205;0;0;0
73.178.600/0001-18;2022-12-31;1;CYRELA BRAZIL REALTY S.A.EMPREEND E PART;399743;0;399743;24012;0;24012
73.903.718/0001-61;2022-12-31;1;SNB PARTICIPACOES SA;2902487;0;2902487;0;0;0
75.315.333/0001-09;2022-12-31;1;ATACADÃO S.A.;2103665270;0;2103665270;0;0;0
75.609.123/0001-23;2022-12-31;2;UNIDAS LOCAÇÕES E SERVIÇOS S.A.;568765115;0;568765115;0;0;0
76.483.817/0001-20;2022-12-31;1;CIA PARANAENSE DE ENERGIA - COPEL;1054090460;1682463290;2736553750;0;0;0
76.484.013/0001-45;2022-12-31;1;CIA SANEAMENTO DO PARANA - SANEPAR;503735259;1007470260;1511205519;0;0;0
76.535.764/0001-43;2022-12-31;1;OI S.A. - EM RECUPERAÇÃO JUDICIAL;6445310;157727;6603037;644050;1812;645862
76.627.504/0001-06;2022-12-31;1;INEPAR S.A. INDUSTRIA E CONSTRUCOES EM RECUPERACAO JUDICIAL;119917;63136;183053;0;0;0
79.430.682/0001-22;2022-12-31;1;FARMÁCIA E DROGARIA NISSEI S.A.;152042534;0;152042534;0;0;0
80.227.184/0001-66;2022-12-31;2;METALGRAFICA IGUACU S.A.;91418464;160896;91579360;0;0;0
80.680.093/0001-81;2022-12-31;1;SENIOR SISTEMAS S.A.;1269683;0;1269683;26655;0;26655
81.243.735/0001-48;2022-12-31;1;POSITIVO TECNOLOGIA S.A.;141800;0;141800;1822;0;1822
81.616.807/0001-55;2022-12-31;1;GRANJA FARIA S.A.;14945789847;0;14945789847;0;0;0
82.120.676/0001-83;2022-12-31;1;ALMEIDA JUNIOR SHOPPING CENTERS S.A.;130000000;0;130000000;0;0;0
82.508.433/0001-17;2022-12-31;1;CIA CATARINENSE DE AGUAS E SANEAM.-CASAN;473629304;476110281;949739585;0;0;0
82.636.986/0001-55;2022-12-31;1;TEKA-TECELAGEM KUEHNRICH S.A. - EM RECUPERAÇÃO JUDICIAL;168;335;503;0;0;0
82.640.558/0001-04;2022-12-31;2;KARSTEN S.A.;2878;3327;6205;0;0;0
82.643.537/0001-34;2022-12-31;1;ELECTRO ACO ALTONA S.A.;9750;12750;22500;0;0;0
82.901.000/0001-27;2022-12-31;2;INTELBRAS S.A. IND. DE TELECOMUNICAÇÃO ELETRÔNICA BRASILEIRA;327611110;0;0;0;0;0
82.981.929/0001-03;2022-12-31;1;CIA INDUSTRIAL SCHLOSSER S.A.;480;480;960;460;460;920
82.982.075/0001-80;2022-12-31;1;TEXTIL RENAUXVIEW S.A.;1456;2803;4259;0;0;0
83.475.913/0001-91;2022-12-31;1;PBG S/A;140987;0;140987;0;0;0
83.878.892/0001-55;2022-12-31;1;CENTRAIS ELET DE SANTA CATARINA S.A.;15527;23044;38571;0;0;0
84.429.695/0001-11;2022-12-31;1;WEG S.A.;4197317998;0;4197317998;1302592;0;1302592
84.683.374/0001-49;2022-12-31;2;TUPY S.A.;144178;0;144178;21;0;21
84.683.408/0001-03;2022-12-31;1;DOHLER S.A.;54467820;21177465;75645285;0;0;0
84.683.671/0001-94;2022-12-31;1;WETZEL S.A.;686;1372;2058;0;0;0
84.684.455/0001-63;2022-12-31;1;TIGRE S.A. PARTICIPAÇÕES;11363048;3873264;15236312;0;0;0
84.693.183/0001-68;2022-12-31;1;SCHULZ S.A.;152692764;204682016;357374780;3036;228400;231436
85.041.333/0001-11;2022-12-31;2;PORTO PONTA DO FELIX S/A;85937;145450;231387;0;0;0
85.778.074/0001-06;2022-12-31;1;METALURGICA RIOSULENSE S.A.;3493960;2444753;5938713;0;0;0
86.375.425/0001-09;2022-12-31;1;METISA METALURGICA TIMBOENSE S.A.;4212530;4577200;8789730;0;0;0
86.550.951/0001-50;2022-12-31;1;POMIFRUTAS S/A EM RECUPERACAO JUDICIAL;2053606;0;2053606;0;0;0
87.043.832/0001-73;2022-12-31;1;SEIVA S.A. - FLORESTAS E INDÚSTRIAS;8573186;10491038;19064224;0;0;0
87.456.562/0001-22;2022-12-31;1;JOSAPAR-JOAQUIM OLIVEIRA S.A. - PARTICIP;10451;131;10582;0;0;0
87.762.563/0001-03;2022-12-31;1;CIA HABITASUL DE PARTICIPACOES;3152764;5980923;9133687;0;0;0
87.870.952/0001-44;2022-12-31;1;BORRACHAS VIPAL S.A.;233164;0;233164;0;0;0
88.610.126/0001-29;2022-12-31;2;FRAS-LE S.A.;270016;0;270016;3000;0;3000
88.610.191/0001-54;2022-12-31;1;MUNDIAL S.A. - PRODUTOS DE CONSUMO;2480260;0;2480260;780;0;780
88.611.835/0001-29;2022-12-31;1;MARCOPOLO S.A.;341625744;605267138;946892882;0;6497567;6497567
88.613.658/0001-10;2022-06-30;1;PETTENATI S.A. INDUSTRIA TEXTIL;16016924;32029564;48046488;0;0;0
89.086.144/0001-16;2022-12-31;1;RANDON S.A. IMPLEMENTOS E PARTICIPACOES;116516;212815;329331;0;1037;1037
89.096.457/0001-55;2022-12-31;2;SLC AGRICOLA S.A.;212422599;0;212422599;8197429;0;8197429
89.463.822/0001-12;2022-12-31;2;LUPATECH S.A;30353234;0;30353234;0;0;0
89.637.490/0001-45;2022-12-31;1;KLABIN S.A.;2081728595;3536164161;5617892756;23172552;92690208;115862760
89.723.993/0001-33;2022-12-31;1;CONSTRUTORA SULTEPA S.A. - EM RECUPERAÇÃO JUDICIAL;7490;5110;12600;0;0;0
89.850.341/0001-60;2022-12-31;1;GRENDENE S.A.;902160;0;902160;468;0;468
90.076.886/0001-40;2022-12-31;1;MINUPAR PARTICIPACOES S.A.;7100;0;7100;0;0;0
90.400.888/0001-42;2022-12-31;2;BCO SANTANDER (BRASIL) S.A.;3818695;3679836;7498531;31162;31162;62324
90.441.460/0001-48;2022-12-31;4;UNICASA INDÚSTRIA DE MÓVEIS S.A.;66086364;0;66086364;0;0;0
91.333.666/0001-17;2022-12-31;1;RECRUSUL S.A.;12704;25207;37911;0;0;0
91.669.747/0001-92;2022-12-31;1;DM FINANCEIRA S.A. - CRÉDITO, FINANCIAMENTO E INVESTIMENTO;914;0;914;3;0;3
91.983.056/0001-69;2022-12-31;1;KEPLER WEBER S.A.;89860;0;89860;532;0;532
92.012.467/0001-70;2022-12-31;2;GRAZZIOTIN S.A.;8071571;11275300;19346871;0;0;0
92.660.570/0001-26;2022-12-31;1;TREVISA INVESTIMENTOS S.A.;2298;2898;5196;0;0;0
92.665.611/0001-77;2022-12-31;2;DIMED S.A. DISTRIBUIDORA DE MEDICAMENTOS;150377481;0;150377481;1843422;0;1843422
92.690.783/0001-09;2022-12-31;1;METALURGICA GERDAU S.A.;365111201;668729603;1033840804;0;1135000;1135000
92.693.019/0001-89;2022-12-31;1;PANATLANTICA S.A.;22907;1025;23932;0;0;0
92.702.067/0001-96;2022-12-31;2;BCO ESTADO DO RIO GRANDE DO SUL S.A.;205065;203909;408974;0;0;0
92.715.812/0001-31;2022-12-31;1;CPFL TRANSMISSÃO S.A.;9480088;112356;9592444;0;0;0
92.721.232/0001-57;2022-12-31;3;BANRISUL ARMAZENS GERAIS SA;700000;0;700000;0;0;0
92.749.225/0001-63;2022-12-31;1;HERCULES S.A. FABRICA DE TALHERES;171198;338801;509999;0;0;0
92.754.738/0001-62;2022-12-31;1;LOJAS RENNER S.A.;991227;0;991227;20842;0;20842
92.781.335/0001-02;2022-12-31;1;TAURUS ARMAS S.A.;46445314;80189120;126634434;0;0;0
92.791.243/0001-03;2022-12-31;1;IRANI PAPEL E EMBALAGEM S.A.;246359;0;246359;1488;0;1488
92.802.784/0001-90;2022-12-31;1;CIA RIOGRANDENSE DE SANEAMENTO;317630893;315592525;633223418;0;0;0
93.828.986/0001-73;2022-12-31;2;CEMEPE INVESTIMENTOS S.A.;454455;464440;918895;0;0;0
94.813.102/0001-70;2022-12-31;1;TRÊS TENTOS AGROINDUSTRIAL S/A;497018;0;497018;0;0;0
95.426.862/0001-97;2022-12-31;1;EXCELSIOR ALIMENTOS S.A.;2847;2375;5222;0;0;0
96.298.013/0001-68;2022-12-31;1;PACAEMBU CONSTRUTORA S.A.;129335845;129335845;258671690;0;0;0
96.418.264/0218-02;2022-12-31;1;LOJAS QUERO QUERO S.A.;187290;0;187290;0;0;0
97.191.902/0001-94;2022-12-31;1;CONSERVAS ODERICH S.A.;9858;1428;11286;0;0;0
97.837.181/0001-47;2022-12-31;1;DEXCO S.A.;837059;0;837059;29138;0;29138
