CNPJ_CIA;DT_REFER;VERSAO;DENOM_CIA;CD_CVM;CATEG_DOC;ID_DOC;DT_RECEB;LINK_DOC
02.635.522/0001-95;2024-03-31;1;JALLES MACHADO S.A.;025496;DFP;139174;2024-06-19;http://www.rad.cvm.gov.br/ENETCONSULTA/frmDownloadDocumento.aspx?CodigoInstituicao=1&NumeroSequencialDocumento=139174
06.981.381/0001-13;2024-03-31;1;CTC - CENTRO DE TECNOLOGIA CANAVIEIRA S.A.;023981;DFP;137782;2024-05-22;http://www.rad.cvm.gov.br/ENETCONSULTA/frmDownloadDocumento.aspx?CodigoInstituicao=1&NumeroSequencialDocumento=137782
06.981.381/0001-13;2024-03-31;2;CTC - CENTRO DE TECNOLOGIA CANAVIEIRA S.A.;023981;DFP;138015;2024-05-28;http://www.rad.cvm.gov.br/ENETCONSULTA/frmDownloadDocumento.aspx?CodigoInstituicao=1&NumeroSequencialDocumento=138015
06.981.381/0001-13;2024-03-31;3;CTC - CENTRO DE TECNOLOGIA CANAVIEIRA S.A.;023981;DFP;142069;2024-10-07;http://www.rad.cvm.gov.br/ENETCONSULTA/frmDownloadDocumento.aspx?CodigoInstituicao=1&NumeroSequencialDocumento=142069
07.628.528/0001-59;2024-06-30;1;BRASILAGRO - CIA BRAS DE PROP AGRICOLAS;020036;DFP;141578;2024-09-03;http://www.rad.cvm.gov.br/ENETCONSULTA/frmDownloadDocumento.aspx?CodigoInstituicao=1&NumeroSequencialDocumento=141578
07.628.528/0001-59;2024-06-30;2;BRASILAGRO - CIA BRAS DE PROP AGRICOLAS;020036;DFP;144240;2025-01-10;http://www.rad.cvm.gov.br/ENETCONSULTA/frmDownloadDocumento.aspx?CodigoInstituicao=1&NumeroSequencialDocumento=144240
08.070.508/0001-78;2024-03-31;1;RAIZEN ENERGIA S.A.;023230;DFP;137212;2024-05-13;http://www.rad.cvm.gov.br/ENETCONSULTA/frmDownloadDocumento.aspx?CodigoInstituicao=1&NumeroSequencialDocumento=137212
08.322.396/0001-03;2024-03-31;1;CERRADINHO BIOENERGIA S.A.;026522;DFP;139073;2024-06-12;http://www.rad.cvm.gov.br/ENETCONSULTA/frmDownloadDocumento.aspx?CodigoInstituicao=1&NumeroSequencialDocumento=139073
33.453.598/0001-23;2024-03-31;1;RA�ZEN S.A.;025917;DFP;137210;2024-05-13;http://www.rad.cvm.gov.br/ENETCONSULTA/frmDownloadDocumento.aspx?CodigoInstituicao=1&NumeroSequencialDocumento=137210
51.466.860/0001-56;2024-03-31;1;SAO MARTINHO S.A.;020516;DFP;139142;2024-06-17;http://www.rad.cvm.gov.br/ENETCONSULTA/frmDownloadDocumento.aspx?CodigoInstituicao=1&NumeroSequencialDocumento=139142
64.904.295/0001-03;2024-02-28;1;CAMIL ALIMENTOS S.A.;024228;DFP;136924;2024-05-09;http://www.rad.cvm.gov.br/ENETCONSULTA/frmDownloadDocumento.aspx?CodigoInstituicao=1&NumeroSequencialDocumento=136924
88.613.658/0001-10;2024-06-30;1;PETTENATI S.A. INDUSTRIA TEXTIL;009539;DFP;141786;2024-09-18;http://www.rad.cvm.gov.br/ENETCONSULTA/frmDownloadDocumento.aspx?CodigoInstituicao=1&NumeroSequencialDocumento=141786
